path,species,species_id,split,fold
data/raw/images/acinetobacter_baumannii/Acinetobacter.baumanii_0001.tif,Acinetobacter baumannii,acinetobacter_baumannii,train,0
data/raw/images/acinetobacter_baumannii/Acinetobacter.baumanii_0002.tif,Acinetobacter baumannii,acinetobacter_baumannii,train,1
data/raw/images/acinetobacter_baumannii/Acinetobacter.baumanii_0003.tif,Acinetobacter baumannii,acinetobacter_baumannii,train,2
data/raw/images/acinetobacter_baumannii/Acinetobacter.baumanii_0004.tif,Acinetobacter baumannii,acinetobacter_baumannii,val,-1
data/raw/images/acinetobacter_baumannii/Acinetobacter.baumanii_0005.tif,Acinetobacter baumannii,acinetobacter_baumannii,train,4
data/raw/images/acinetobacter_baumannii/Acinetobacter.baumanii_0006.tif,Acinetobacter baumannii,acinetobacter_baumannii,train,0
data/raw/images/acinetobacter_baumannii/Acinetobacter.baumanii_0007.tif,Acinetobacter baumannii,acinetobacter_baumannii,train,4
data/raw/images/acinetobacter_baumannii/Acinetobacter.baumanii_0008.tif,Acinetobacter baumannii,acinetobacter_baumannii,train,2
data/raw/images/acinetobacter_baumannii/Acinetobacter.baumanii_0009.tif,Acinetobacter baumannii,acinetobacter_baumannii,test,-1
data/raw/images/acinetobacter_baumannii/Acinetobacter.baumanii_0010.tif,Acinetobacter baumannii,acinetobacter_baumannii,val,-1
data/raw/images/acinetobacter_baumannii/Acinetobacter.baumanii_0011.tif,Acinetobacter baumannii,acinetobacter_baumannii,val,-1
data/raw/images/acinetobacter_baumannii/Acinetobacter.baumanii_0012.tif,Acinetobacter baumannii,acinetobacter_baumannii,train,2
data/raw/images/acinetobacter_baumannii/Acinetobacter.baumanii_0013.tif,Acinetobacter baumannii,acinetobacter_baumannii,train,1
data/raw/images/acinetobacter_baumannii/Acinetobacter.baumanii_0014.tif,Acinetobacter baumannii,acinetobacter_baumannii,test,-1
data/raw/images/acinetobacter_baumannii/Acinetobacter.baumanii_0015.tif,Acinetobacter baumannii,acinetobacter_baumannii,train,1
data/raw/images/acinetobacter_baumannii/Acinetobacter.baumanii_0016.tif,Acinetobacter baumannii,acinetobacter_baumannii,train,3
data/raw/images/acinetobacter_baumannii/Acinetobacter.baumanii_0017.tif,Acinetobacter baumannii,acinetobacter_baumannii,val,-1
data/raw/images/acinetobacter_baumannii/Acinetobacter.baumanii_0018.tif,Acinetobacter baumannii,acinetobacter_baumannii,train,3
data/raw/images/acinetobacter_baumannii/Acinetobacter.baumanii_0019.tif,Acinetobacter baumannii,acinetobacter_baumannii,train,3
data/raw/images/acinetobacter_baumannii/Acinetobacter.baumanii_0020.tif,Acinetobacter baumannii,acinetobacter_baumannii,train,0
data/raw/images/actinomyces_israelii/Actinomyces.israeli_0001.tif,Actinomyces israelii,actinomyces_israelii,train,1
data/raw/images/actinomyces_israelii/Actinomyces.israeli_0002.tif,Actinomyces israelii,actinomyces_israelii,train,2
data/raw/images/actinomyces_israelii/Actinomyces.israeli_0003.tif,Actinomyces israelii,actinomyces_israelii,train,4
data/raw/images/actinomyces_israelii/Actinomyces.israeli_0004.tif,Actinomyces israelii,actinomyces_israelii,train,0
data/raw/images/actinomyces_israelii/Actinomyces.israeli_0005.tif,Actinomyces israelii,actinomyces_israelii,val,-1
data/raw/images/actinomyces_israelii/Actinomyces.israeli_0006.tif,Actinomyces israelii,actinomyces_israelii,test,-1
data/raw/images/actinomyces_israelii/Actinomyces.israeli_0007.tif,Actinomyces israelii,actinomyces_israelii,train,4
data/raw/images/actinomyces_israelii/Actinomyces.israeli_0008.tif,Actinomyces israelii,actinomyces_israelii,val,-1
data/raw/images/actinomyces_israelii/Actinomyces.israeli_0009.tif,Actinomyces israelii,actinomyces_israelii,test,-1
data/raw/images/actinomyces_israelii/Actinomyces.israeli_0010.tif,Actinomyces israelii,actinomyces_israelii,train,0
data/raw/images/actinomyces_israelii/Actinomyces.israeli_0011.tif,Actinomyces israelii,actinomyces_israelii,train,0
data/raw/images/actinomyces_israelii/Actinomyces.israeli_0012.tif,Actinomyces israelii,actinomyces_israelii,train,1
data/raw/images/actinomyces_israelii/Actinomyces.israeli_0013.tif,Actinomyces israelii,actinomyces_israelii,train,0
data/raw/images/actinomyces_israelii/Actinomyces.israeli_0014.tif,Actinomyces israelii,actinomyces_israelii,train,4
data/raw/images/actinomyces_israelii/Actinomyces.israeli_0015.tif,Actinomyces israelii,actinomyces_israelii,train,1
data/raw/images/actinomyces_israelii/Actinomyces.israeli_0016.tif,Actinomyces israelii,actinomyces_israelii,val,-1
data/raw/images/actinomyces_israelii/Actinomyces.israeli_0017.tif,Actinomyces israelii,actinomyces_israelii,train,2
data/raw/images/actinomyces_israelii/Actinomyces.israeli_0018.tif,Actinomyces israelii,actinomyces_israelii,val,-1
data/raw/images/actinomyces_israelii/Actinomyces.israeli_0019.tif,Actinomyces israelii,actinomyces_israelii,train,2
data/raw/images/actinomyces_israelii/Actinomyces.israeli_0020.tif,Actinomyces israelii,actinomyces_israelii,train,3
data/raw/images/actinomyces_israelii/Actinomyces.israeli_0021.tif,Actinomyces israelii,actinomyces_israelii,train,3
data/raw/images/actinomyces_israelii/Actinomyces.israeli_0022.tif,Actinomyces israelii,actinomyces_israelii,val,-1
data/raw/images/actinomyces_israelii/Actinomyces.israeli_0023.tif,Actinomyces israelii,actinomyces_israelii,train,3
data/raw/images/bacteroides_fragilis/Bacteroides.fragilis_0001.tif,Bacteroides fragilis,bacteroides_fragilis,train,1
data/raw/images/bacteroides_fragilis/Bacteroides.fragilis_0002.tif,Bacteroides fragilis,bacteroides_fragilis,train,0
data/raw/images/bacteroides_fragilis/Bacteroides.fragilis_0003.tif,Bacteroides fragilis,bacteroides_fragilis,train,4
data/raw/images/bacteroides_fragilis/Bacteroides.fragilis_0004.tif,Bacteroides fragilis,bacteroides_fragilis,test,-1
data/raw/images/bacteroides_fragilis/Bacteroides.fragilis_0005.tif,Bacteroides fragilis,bacteroides_fragilis,val,-1
data/raw/images/bacteroides_fragilis/Bacteroides.fragilis_0006.tif,Bacteroides fragilis,bacteroides_fragilis,train,2
data/raw/images/bacteroides_fragilis/Bacteroides.fragilis_0007.tif,Bacteroides fragilis,bacteroides_fragilis,train,3
data/raw/images/bacteroides_fragilis/Bacteroides.fragilis_0008.tif,Bacteroides fragilis,bacteroides_fragilis,train,0
data/raw/images/bacteroides_fragilis/Bacteroides.fragilis_0009.tif,Bacteroides fragilis,bacteroides_fragilis,train,1
data/raw/images/bacteroides_fragilis/Bacteroides.fragilis_0010.tif,Bacteroides fragilis,bacteroides_fragilis,test,-1
data/raw/images/bacteroides_fragilis/Bacteroides.fragilis_0011.tif,Bacteroides fragilis,bacteroides_fragilis,train,4
data/raw/images/bacteroides_fragilis/Bacteroides.fragilis_0012.tif,Bacteroides fragilis,bacteroides_fragilis,train,1
data/raw/images/bacteroides_fragilis/Bacteroides.fragilis_0013.tif,Bacteroides fragilis,bacteroides_fragilis,train,2
data/raw/images/bacteroides_fragilis/Bacteroides.fragilis_0014.tif,Bacteroides fragilis,bacteroides_fragilis,train,4
data/raw/images/bacteroides_fragilis/Bacteroides.fragilis_0015.tif,Bacteroides fragilis,bacteroides_fragilis,val,-1
data/raw/images/bacteroides_fragilis/Bacteroides.fragilis_0016.tif,Bacteroides fragilis,bacteroides_fragilis,train,3
data/raw/images/bacteroides_fragilis/Bacteroides.fragilis_0017.tif,Bacteroides fragilis,bacteroides_fragilis,train,0
data/raw/images/bacteroides_fragilis/Bacteroides.fragilis_0018.tif,Bacteroides fragilis,bacteroides_fragilis,val,-1
data/raw/images/bacteroides_fragilis/Bacteroides.fragilis_0019.tif,Bacteroides fragilis,bacteroides_fragilis,val,-1
data/raw/images/bacteroides_fragilis/Bacteroides.fragilis_0020.tif,Bacteroides fragilis,bacteroides_fragilis,train,3
data/raw/images/bacteroides_fragilis/Bacteroides.fragilis_0021.tif,Bacteroides fragilis,bacteroides_fragilis,train,2
data/raw/images/bacteroides_fragilis/Bacteroides.fragilis_0022.tif,Bacteroides fragilis,bacteroides_fragilis,train,0
data/raw/images/bacteroides_fragilis/Bacteroides.fragilis_0023.tif,Bacteroides fragilis,bacteroides_fragilis,val,-1
data/raw/images/bifidobacterium_spp/Bifidobacterium.spp_0001.tif,Bifidobacterium spp.,bifidobacterium_spp,train,0
data/raw/images/bifidobacterium_spp/Bifidobacterium.spp_0002.tif,Bifidobacterium spp.,bifidobacterium_spp,train,1
data/raw/images/bifidobacterium_spp/Bifidobacterium.spp_0003.tif,Bifidobacterium spp.,bifidobacterium_spp,train,1
data/raw/images/bifidobacterium_spp/Bifidobacterium.spp_0004.tif,Bifidobacterium spp.,bifidobacterium_spp,test,-1
data/raw/images/bifidobacterium_spp/Bifidobacterium.spp_0005.tif,Bifidobacterium spp.,bifidobacterium_spp,val,-1
data/raw/images/bifidobacterium_spp/Bifidobacterium.spp_0006.tif,Bifidobacterium spp.,bifidobacterium_spp,train,4
data/raw/images/bifidobacterium_spp/Bifidobacterium.spp_0007.tif,Bifidobacterium spp.,bifidobacterium_spp,test,-1
data/raw/images/bifidobacterium_spp/Bifidobacterium.spp_0008.tif,Bifidobacterium spp.,bifidobacterium_spp,train,3
data/raw/images/bifidobacterium_spp/Bifidobacterium.spp_0009.tif,Bifidobacterium spp.,bifidobacterium_spp,train,2
data/raw/images/bifidobacterium_spp/Bifidobacterium.spp_0010.tif,Bifidobacterium spp.,bifidobacterium_spp,train,2
data/raw/images/bifidobacterium_spp/Bifidobacterium.spp_0011.tif,Bifidobacterium spp.,bifidobacterium_spp,train,0
data/raw/images/bifidobacterium_spp/Bifidobacterium.spp_0012.tif,Bifidobacterium spp.,bifidobacterium_spp,val,-1
data/raw/images/bifidobacterium_spp/Bifidobacterium.spp_0013.tif,Bifidobacterium spp.,bifidobacterium_spp,val,-1
data/raw/images/bifidobacterium_spp/Bifidobacterium.spp_0014.tif,Bifidobacterium spp.,bifidobacterium_spp,train,2
data/raw/images/bifidobacterium_spp/Bifidobacterium.spp_0015.tif,Bifidobacterium spp.,bifidobacterium_spp,val,-1
data/raw/images/bifidobacterium_spp/Bifidobacterium.spp_0016.tif,Bifidobacterium spp.,bifidobacterium_spp,val,-1
data/raw/images/bifidobacterium_spp/Bifidobacterium.spp_0017.tif,Bifidobacterium spp.,bifidobacterium_spp,train,0
data/raw/images/bifidobacterium_spp/Bifidobacterium.spp_0018.tif,Bifidobacterium spp.,bifidobacterium_spp,train,3
data/raw/images/bifidobacterium_spp/Bifidobacterium.spp_0019.tif,Bifidobacterium spp.,bifidobacterium_spp,train,3
data/raw/images/bifidobacterium_spp/Bifidobacterium.spp_0020.tif,Bifidobacterium spp.,bifidobacterium_spp,train,4
data/raw/images/bifidobacterium_spp/Bifidobacterium.spp_0021.tif,Bifidobacterium spp.,bifidobacterium_spp,train,4
data/raw/images/bifidobacterium_spp/Bifidobacterium.spp_0022.tif,Bifidobacterium spp.,bifidobacterium_spp,train,0
data/raw/images/bifidobacterium_spp/Bifidobacterium.spp_0023.tif,Bifidobacterium spp.,bifidobacterium_spp,train,1
data/raw/images/clostridium_perfringens/Clostridium.perfringens_0001.tif,Clostridium perfringens,clostridium_perfringens,val,-1
data/raw/images/clostridium_perfringens/Clostridium.perfringens_0002.tif,Clostridium perfringens,clostridium_perfringens,train,4
data/raw/images/clostridium_perfringens/Clostridium.perfringens_0003.tif,Clostridium perfringens,clostridium_perfringens,train,3
data/raw/images/clostridium_perfringens/Clostridium.perfringens_0004.tif,Clostridium perfringens,clostridium_perfringens,val,-1
data/raw/images/clostridium_perfringens/Clostridium.perfringens_0005.tif,Clostridium perfringens,clostridium_perfringens,train,2
data/raw/images/clostridium_perfringens/Clostridium.perfringens_0006.tif,Clostridium perfringens,clostridium_perfringens,train,1
data/raw/images/clostridium_perfringens/Clostridium.perfringens_0007.tif,Clostridium perfringens,clostridium_perfringens,train,2
data/raw/images/clostridium_perfringens/Clostridium.perfringens_0008.tif,Clostridium perfringens,clostridium_perfringens,train,0
data/raw/images/clostridium_perfringens/Clostridium.perfringens_0009.tif,Clostridium perfringens,clostridium_perfringens,train,3
data/raw/images/clostridium_perfringens/Clostridium.perfringens_0010.tif,Clostridium perfringens,clostridium_perfringens,train,1
data/raw/images/clostridium_perfringens/Clostridium.perfringens_0011.tif,Clostridium perfringens,clostridium_perfringens,train,0
data/raw/images/clostridium_perfringens/Clostridium.perfringens_0012.tif,Clostridium perfringens,clostridium_perfringens,train,4
data/raw/images/clostridium_perfringens/Clostridium.perfringens_0013.tif,Clostridium perfringens,clostridium_perfringens,train,3
data/raw/images/clostridium_perfringens/Clostridium.perfringens_0014.tif,Clostridium perfringens,clostridium_perfringens,train,0
data/raw/images/clostridium_perfringens/Clostridium.perfringens_0015.tif,Clostridium perfringens,clostridium_perfringens,val,-1
data/raw/images/clostridium_perfringens/Clostridium.perfringens_0016.tif,Clostridium perfringens,clostridium_perfringens,train,2
data/raw/images/clostridium_perfringens/Clostridium.perfringens_0017.tif,Clostridium perfringens,clostridium_perfringens,val,-1
data/raw/images/clostridium_perfringens/Clostridium.perfringens_0018.tif,Clostridium perfringens,clostridium_perfringens,train,4
data/raw/images/clostridium_perfringens/Clostridium.perfringens_0019.tif,Clostridium perfringens,clostridium_perfringens,test,-1
data/raw/images/clostridium_perfringens/Clostridium.perfringens_0020.tif,Clostridium perfringens,clostridium_perfringens,train,0
data/raw/images/clostridium_perfringens/Clostridium.perfringens_0021.tif,Clostridium perfringens,clostridium_perfringens,val,-1
data/raw/images/clostridium_perfringens/Clostridium.perfringens_0022.tif,Clostridium perfringens,clostridium_perfringens,test,-1
data/raw/images/clostridium_perfringens/Clostridium.perfringens_0023.tif,Clostridium perfringens,clostridium_perfringens,train,1
data/raw/images/enterococcus_faecalis/Enterococcus.faecalis_0001.tif,Enterococcus faecalis,enterococcus_faecalis,val,-1
data/raw/images/enterococcus_faecalis/Enterococcus.faecalis_0002.tif,Enterococcus faecalis,enterococcus_faecalis,train,4
data/raw/images/enterococcus_faecalis/Enterococcus.faecalis_0003.tif,Enterococcus faecalis,enterococcus_faecalis,train,1
data/raw/images/enterococcus_faecalis/Enterococcus.faecalis_0004.tif,Enterococcus faecalis,enterococcus_faecalis,train,4
data/raw/images/enterococcus_faecalis/Enterococcus.faecalis_0005.tif,Enterococcus faecalis,enterococcus_faecalis,train,3
data/raw/images/enterococcus_faecalis/Enterococcus.faecalis_0006.tif,Enterococcus faecalis,enterococcus_faecalis,train,3
data/raw/images/enterococcus_faecalis/Enterococcus.faecalis_0007.tif,Enterococcus faecalis,enterococcus_faecalis,val,-1
data/raw/images/enterococcus_faecalis/Enterococcus.faecalis_0008.tif,Enterococcus faecalis,enterococcus_faecalis,val,-1
data/raw/images/enterococcus_faecalis/Enterococcus.faecalis_0009.tif,Enterococcus faecalis,enterococcus_faecalis,train,0
data/raw/images/enterococcus_faecalis/Enterococcus.faecalis_0010.tif,Enterococcus faecalis,enterococcus_faecalis,train,3
data/raw/images/enterococcus_faecalis/Enterococcus.faecalis_0011.tif,Enterococcus faecalis,enterococcus_faecalis,train,2
data/raw/images/enterococcus_faecalis/Enterococcus.faecalis_0012.tif,Enterococcus faecalis,enterococcus_faecalis,train,2
data/raw/images/enterococcus_faecalis/Enterococcus.faecalis_0013.tif,Enterococcus faecalis,enterococcus_faecalis,train,2
data/raw/images/enterococcus_faecalis/Enterococcus.faecalis_0014.tif,Enterococcus faecalis,enterococcus_faecalis,train,0
data/raw/images/enterococcus_faecalis/Enterococcus.faecalis_0015.tif,Enterococcus faecalis,enterococcus_faecalis,test,-1
data/raw/images/enterococcus_faecalis/Enterococcus.faecalis_0016.tif,Enterococcus faecalis,enterococcus_faecalis,train,1
data/raw/images/enterococcus_faecalis/Enterococcus.faecalis_0017.tif,Enterococcus faecalis,enterococcus_faecalis,test,-1
data/raw/images/enterococcus_faecalis/Enterococcus.faecalis_0018.tif,Enterococcus faecalis,enterococcus_faecalis,train,0
data/raw/images/enterococcus_faecalis/Enterococcus.faecalis_0019.tif,Enterococcus faecalis,enterococcus_faecalis,val,-1
data/raw/images/enterococcus_faecalis/Enterococcus.faecalis_0020.tif,Enterococcus faecalis,enterococcus_faecalis,train,1
data/raw/images/enterococcus_faecium/Enterococcus.faecium_0001.tif,Enterococcus faecium,enterococcus_faecium,val,-1
data/raw/images/enterococcus_faecium/Enterococcus.faecium_0002.tif,Enterococcus faecium,enterococcus_faecium,train,4
data/raw/images/enterococcus_faecium/Enterococcus.faecium_0003.tif,Enterococcus faecium,enterococcus_faecium,train,3
data/raw/images/enterococcus_faecium/Enterococcus.faecium_0004.tif,Enterococcus faecium,enterococcus_faecium,train,0
data/raw/images/enterococcus_faecium/Enterococcus.faecium_0005.tif,Enterococcus faecium,enterococcus_faecium,val,-1
data/raw/images/enterococcus_faecium/Enterococcus.faecium_0006.tif,Enterococcus faecium,enterococcus_faecium,train,4
data/raw/images/enterococcus_faecium/Enterococcus.faecium_0007.tif,Enterococcus faecium,enterococcus_faecium,train,1
data/raw/images/enterococcus_faecium/Enterococcus.faecium_0008.tif,Enterococcus faecium,enterococcus_faecium,train,2
data/raw/images/enterococcus_faecium/Enterococcus.faecium_0009.tif,Enterococcus faecium,enterococcus_faecium,test,-1
data/raw/images/enterococcus_faecium/Enterococcus.faecium_0010.tif,Enterococcus faecium,enterococcus_faecium,train,0
data/raw/images/enterococcus_faecium/Enterococcus.faecium_0011.tif,Enterococcus faecium,enterococcus_faecium,val,-1
data/raw/images/enterococcus_faecium/Enterococcus.faecium_0012.tif,Enterococcus faecium,enterococcus_faecium,train,3
data/raw/images/enterococcus_faecium/Enterococcus.faecium_0013.tif,Enterococcus faecium,enterococcus_faecium,train,1
data/raw/images/enterococcus_faecium/Enterococcus.faecium_0014.tif,Enterococcus faecium,enterococcus_faecium,train,3
data/raw/images/enterococcus_faecium/Enterococcus.faecium_0015.tif,Enterococcus faecium,enterococcus_faecium,train,1
data/raw/images/enterococcus_faecium/Enterococcus.faecium_0016.tif,Enterococcus faecium,enterococcus_faecium,train,2
data/raw/images/enterococcus_faecium/Enterococcus.faecium_0017.tif,Enterococcus faecium,enterococcus_faecium,test,-1
data/raw/images/enterococcus_faecium/Enterococcus.faecium_0018.tif,Enterococcus faecium,enterococcus_faecium,train,2
data/raw/images/enterococcus_faecium/Enterococcus.faecium_0019.tif,Enterococcus faecium,enterococcus_faecium,val,-1
data/raw/images/enterococcus_faecium/Enterococcus.faecium_0020.tif,Enterococcus faecium,enterococcus_faecium,train,0
data/raw/images/escherichia_coli/Escherichia.coli_0001.tif,Escherichia coli,escherichia_coli,train,0
data/raw/images/escherichia_coli/Escherichia.coli_0002.tif,Escherichia coli,escherichia_coli,train,0
data/raw/images/escherichia_coli/Escherichia.coli_0003.tif,Escherichia coli,escherichia_coli,train,1
data/raw/images/escherichia_coli/Escherichia.coli_0004.tif,Escherichia coli,escherichia_coli,train,1
data/raw/images/escherichia_coli/Escherichia.coli_0005.tif,Escherichia coli,escherichia_coli,train,3
data/raw/images/escherichia_coli/Escherichia.coli_0006.tif,Escherichia coli,escherichia_coli,train,1
data/raw/images/escherichia_coli/Escherichia.coli_0007.tif,Escherichia coli,escherichia_coli,val,-1
data/raw/images/escherichia_coli/Escherichia.coli_0008.tif,Escherichia coli,escherichia_coli,train,2
data/raw/images/escherichia_coli/Escherichia.coli_0009.tif,Escherichia coli,escherichia_coli,train,4
data/raw/images/escherichia_coli/Escherichia.coli_0010.tif,Escherichia coli,escherichia_coli,val,-1
data/raw/images/escherichia_coli/Escherichia.coli_0011.tif,Escherichia coli,escherichia_coli,test,-1
data/raw/images/escherichia_coli/Escherichia.coli_0012.tif,Escherichia coli,escherichia_coli,train,2
data/raw/images/escherichia_coli/Escherichia.coli_0013.tif,Escherichia coli,escherichia_coli,train,4
data/raw/images/escherichia_coli/Escherichia.coli_0014.tif,Escherichia coli,escherichia_coli,train,3
data/raw/images/escherichia_coli/Escherichia.coli_0015.tif,Escherichia coli,escherichia_coli,train,3
data/raw/images/escherichia_coli/Escherichia.coli_0016.tif,Escherichia coli,escherichia_coli,val,-1
data/raw/images/escherichia_coli/Escherichia.coli_0017.tif,Escherichia coli,escherichia_coli,val,-1
data/raw/images/escherichia_coli/Escherichia.coli_0018.tif,Escherichia coli,escherichia_coli,train,0
data/raw/images/escherichia_coli/Escherichia.coli_0019.tif,Escherichia coli,escherichia_coli,train,2
data/raw/images/escherichia_coli/Escherichia.coli_0020.tif,Escherichia coli,escherichia_coli,test,-1
data/raw/images/fusobacterium_spp/Fusobacterium_0001.tif,Fusobacterium spp.,fusobacterium_spp,train,4
data/raw/images/fusobacterium_spp/Fusobacterium_0002.tif,Fusobacterium spp.,fusobacterium_spp,train,2
data/raw/images/fusobacterium_spp/Fusobacterium_0003.tif,Fusobacterium spp.,fusobacterium_spp,train,3
data/raw/images/fusobacterium_spp/Fusobacterium_0004.tif,Fusobacterium spp.,fusobacterium_spp,train,0
data/raw/images/fusobacterium_spp/Fusobacterium_0005.tif,Fusobacterium spp.,fusobacterium_spp,test,-1
data/raw/images/fusobacterium_spp/Fusobacterium_0006.tif,Fusobacterium spp.,fusobacterium_spp,test,-1
data/raw/images/fusobacterium_spp/Fusobacterium_0007.tif,Fusobacterium spp.,fusobacterium_spp,train,0
data/raw/images/fusobacterium_spp/Fusobacterium_0008.tif,Fusobacterium spp.,fusobacterium_spp,train,2
data/raw/images/fusobacterium_spp/Fusobacterium_0009.tif,Fusobacterium spp.,fusobacterium_spp,train,2
data/raw/images/fusobacterium_spp/Fusobacterium_0010.tif,Fusobacterium spp.,fusobacterium_spp,val,-1
data/raw/images/fusobacterium_spp/Fusobacterium_0011.tif,Fusobacterium spp.,fusobacterium_spp,train,4
data/raw/images/fusobacterium_spp/Fusobacterium_0012.tif,Fusobacterium spp.,fusobacterium_spp,train,0
data/raw/images/fusobacterium_spp/Fusobacterium_0013.tif,Fusobacterium spp.,fusobacterium_spp,train,3
data/raw/images/fusobacterium_spp/Fusobacterium_0014.tif,Fusobacterium spp.,fusobacterium_spp,val,-1
data/raw/images/fusobacterium_spp/Fusobacterium_0015.tif,Fusobacterium spp.,fusobacterium_spp,train,1
data/raw/images/fusobacterium_spp/Fusobacterium_0016.tif,Fusobacterium spp.,fusobacterium_spp,train,4
data/raw/images/fusobacterium_spp/Fusobacterium_0017.tif,Fusobacterium spp.,fusobacterium_spp,val,-1
data/raw/images/fusobacterium_spp/Fusobacterium_0018.tif,Fusobacterium spp.,fusobacterium_spp,train,1
data/raw/images/fusobacterium_spp/Fusobacterium_0019.tif,Fusobacterium spp.,fusobacterium_spp,train,3
data/raw/images/fusobacterium_spp/Fusobacterium_0020.tif,Fusobacterium spp.,fusobacterium_spp,val,-1
data/raw/images/fusobacterium_spp/Fusobacterium_0021.tif,Fusobacterium spp.,fusobacterium_spp,val,-1
data/raw/images/fusobacterium_spp/Fusobacterium_0022.tif,Fusobacterium spp.,fusobacterium_spp,train,1
data/raw/images/fusobacterium_spp/Fusobacterium_0023.tif,Fusobacterium spp.,fusobacterium_spp,train,0
data/raw/images/lactobacillus_casei/Lactobacillus.casei_0001.tif,Lactobacillus casei,lactobacillus_casei,val,-1
data/raw/images/lactobacillus_casei/Lactobacillus.casei_0002.tif,Lactobacillus casei,lactobacillus_casei,train,4
data/raw/images/lactobacillus_casei/Lactobacillus.casei_0003.tif,Lactobacillus casei,lactobacillus_casei,train,2
data/raw/images/lactobacillus_casei/Lactobacillus.casei_0004.tif,Lactobacillus casei,lactobacillus_casei,train,3
data/raw/images/lactobacillus_casei/Lactobacillus.casei_0005.tif,Lactobacillus casei,lactobacillus_casei,train,1
data/raw/images/lactobacillus_casei/Lactobacillus.casei_0006.tif,Lactobacillus casei,lactobacillus_casei,train,3
data/raw/images/lactobacillus_casei/Lactobacillus.casei_0007.tif,Lactobacillus casei,lactobacillus_casei,train,4
data/raw/images/lactobacillus_casei/Lactobacillus.casei_0008.tif,Lactobacillus casei,lactobacillus_casei,train,0
data/raw/images/lactobacillus_casei/Lactobacillus.casei_0009.tif,Lactobacillus casei,lactobacillus_casei,test,-1
data/raw/images/lactobacillus_casei/Lactobacillus.casei_0010.tif,Lactobacillus casei,lactobacillus_casei,train,0
data/raw/images/lactobacillus_casei/Lactobacillus.casei_0011.tif,Lactobacillus casei,lactobacillus_casei,train,1
data/raw/images/lactobacillus_casei/Lactobacillus.casei_0012.tif,Lactobacillus casei,lactobacillus_casei,train,0
data/raw/images/lactobacillus_casei/Lactobacillus.casei_0013.tif,Lactobacillus casei,lactobacillus_casei,val,-1
data/raw/images/lactobacillus_casei/Lactobacillus.casei_0014.tif,Lactobacillus casei,lactobacillus_casei,train,2
data/raw/images/lactobacillus_casei/Lactobacillus.casei_0015.tif,Lactobacillus casei,lactobacillus_casei,val,-1
data/raw/images/lactobacillus_casei/Lactobacillus.casei_0016.tif,Lactobacillus casei,lactobacillus_casei,train,3
data/raw/images/lactobacillus_casei/Lactobacillus.casei_0017.tif,Lactobacillus casei,lactobacillus_casei,train,1
data/raw/images/lactobacillus_casei/Lactobacillus.casei_0018.tif,Lactobacillus casei,lactobacillus_casei,test,-1
data/raw/images/lactobacillus_casei/Lactobacillus.casei_0019.tif,Lactobacillus casei,lactobacillus_casei,train,2
data/raw/images/lactobacillus_casei/Lactobacillus.casei_0020.tif,Lactobacillus casei,lactobacillus_casei,val,-1
data/raw/images/lactobacillus_crispatus/Lactobacillus.crispatus_0001.tif,Lactobacillus crispatus,lactobacillus_crispatus,train,1
data/raw/images/lactobacillus_crispatus/Lactobacillus.crispatus_0002.tif,Lactobacillus crispatus,lactobacillus_crispatus,train,0
data/raw/images/lactobacillus_crispatus/Lactobacillus.crispatus_0003.tif,Lactobacillus crispatus,lactobacillus_crispatus,train,0
data/raw/images/lactobacillus_crispatus/Lactobacillus.crispatus_0004.tif,Lactobacillus crispatus,lactobacillus_crispatus,train,1
data/raw/images/lactobacillus_crispatus/Lactobacillus.crispatus_0005.tif,Lactobacillus crispatus,lactobacillus_crispatus,val,-1
data/raw/images/lactobacillus_crispatus/Lactobacillus.crispatus_0006.tif,Lactobacillus crispatus,lactobacillus_crispatus,train,4
data/raw/images/lactobacillus_crispatus/Lactobacillus.crispatus_0007.tif,Lactobacillus crispatus,lactobacillus_crispatus,train,3
data/raw/images/lactobacillus_crispatus/Lactobacillus.crispatus_0008.tif,Lactobacillus crispatus,lactobacillus_crispatus,train,2
data/raw/images/lactobacillus_crispatus/Lactobacillus.crispatus_0009.tif,Lactobacillus crispatus,lactobacillus_crispatus,train,3
data/raw/images/lactobacillus_crispatus/Lactobacillus.crispatus_0010.tif,Lactobacillus crispatus,lactobacillus_crispatus,train,4
data/raw/images/lactobacillus_crispatus/Lactobacillus.crispatus_0011.tif,Lactobacillus crispatus,lactobacillus_crispatus,test,-1
data/raw/images/lactobacillus_crispatus/Lactobacillus.crispatus_0012.tif,Lactobacillus crispatus,lactobacillus_crispatus,train,1
data/raw/images/lactobacillus_crispatus/Lactobacillus.crispatus_0013.tif,Lactobacillus crispatus,lactobacillus_crispatus,test,-1
data/raw/images/lactobacillus_crispatus/Lactobacillus.crispatus_0014.tif,Lactobacillus crispatus,lactobacillus_crispatus,val,-1
data/raw/images/lactobacillus_crispatus/Lactobacillus.crispatus_0015.tif,Lactobacillus crispatus,lactobacillus_crispatus,val,-1
data/raw/images/lactobacillus_crispatus/Lactobacillus.crispatus_0016.tif,Lactobacillus crispatus,lactobacillus_crispatus,train,2
data/raw/images/lactobacillus_crispatus/Lactobacillus.crispatus_0017.tif,Lactobacillus crispatus,lactobacillus_crispatus,val,-1
data/raw/images/lactobacillus_crispatus/Lactobacillus.crispatus_0018.tif,Lactobacillus crispatus,lactobacillus_crispatus,train,0
data/raw/images/lactobacillus_crispatus/Lactobacillus.crispatus_0019.tif,Lactobacillus crispatus,lactobacillus_crispatus,train,3
data/raw/images/lactobacillus_crispatus/Lactobacillus.crispatus_0020.tif,Lactobacillus crispatus,lactobacillus_crispatus,train,2
data/raw/images/lactobacillus_delbrueckii/Lactobacillus.delbrueckii_0001.tif,Lactobacillus delbrueckii,lactobacillus_delbrueckii,train,0
data/raw/images/lactobacillus_delbrueckii/Lactobacillus.delbrueckii_0002.tif,Lactobacillus delbrueckii,lactobacillus_delbrueckii,train,2
data/raw/images/lactobacillus_delbrueckii/Lactobacillus.delbrueckii_0003.tif,Lactobacillus delbrueckii,lactobacillus_delbrueckii,test,-1
data/raw/images/lactobacillus_delbrueckii/Lactobacillus.delbrueckii_0004.tif,Lactobacillus delbrueckii,lactobacillus_delbrueckii,test,-1
data/raw/images/lactobacillus_delbrueckii/Lactobacillus.delbrueckii_0005.tif,Lactobacillus delbrueckii,lactobacillus_delbrueckii,train,2
data/raw/images/lactobacillus_delbrueckii/Lactobacillus.delbrueckii_0006.tif,Lactobacillus delbrueckii,lactobacillus_delbrueckii,val,-1
data/raw/images/lactobacillus_delbrueckii/Lactobacillus.delbrueckii_0007.tif,Lactobacillus delbrueckii,lactobacillus_delbrueckii,val,-1
data/raw/images/lactobacillus_delbrueckii/Lactobacillus.delbrueckii_0008.tif,Lactobacillus delbrueckii,lactobacillus_delbrueckii,train,0
data/raw/images/lactobacillus_delbrueckii/Lactobacillus.delbrueckii_0009.tif,Lactobacillus delbrueckii,lactobacillus_delbrueckii,train,4
data/raw/images/lactobacillus_delbrueckii/Lactobacillus.delbrueckii_0010.tif,Lactobacillus delbrueckii,lactobacillus_delbrueckii,train,3
data/raw/images/lactobacillus_delbrueckii/Lactobacillus.delbrueckii_0011.tif,Lactobacillus delbrueckii,lactobacillus_delbrueckii,train,0
data/raw/images/lactobacillus_delbrueckii/Lactobacillus.delbrueckii_0012.tif,Lactobacillus delbrueckii,lactobacillus_delbrueckii,val,-1
data/raw/images/lactobacillus_delbrueckii/Lactobacillus.delbrueckii_0013.tif,Lactobacillus delbrueckii,lactobacillus_delbrueckii,train,1
data/raw/images/lactobacillus_delbrueckii/Lactobacillus.delbrueckii_0014.tif,Lactobacillus delbrueckii,lactobacillus_delbrueckii,val,-1
data/raw/images/lactobacillus_delbrueckii/Lactobacillus.delbrueckii_0015.tif,Lactobacillus delbrueckii,lactobacillus_delbrueckii,train,3
data/raw/images/lactobacillus_delbrueckii/Lactobacillus.delbrueckii_0016.tif,Lactobacillus delbrueckii,lactobacillus_delbrueckii,train,3
data/raw/images/lactobacillus_delbrueckii/Lactobacillus.delbrueckii_0017.tif,Lactobacillus delbrueckii,lactobacillus_delbrueckii,train,2
data/raw/images/lactobacillus_delbrueckii/Lactobacillus.delbrueckii_0018.tif,Lactobacillus delbrueckii,lactobacillus_delbrueckii,train,1
data/raw/images/lactobacillus_delbrueckii/Lactobacillus.delbrueckii_0019.tif,Lactobacillus delbrueckii,lactobacillus_delbrueckii,train,4
data/raw/images/lactobacillus_delbrueckii/Lactobacillus.delbrueckii_0020.tif,Lactobacillus delbrueckii,lactobacillus_delbrueckii,train,1
data/raw/images/lactobacillus_gasseri/Lactobacillus.gasseri_0001.tif,Lactobacillus gasseri,lactobacillus_gasseri,test,-1
data/raw/images/lactobacillus_gasseri/Lactobacillus.gasseri_0002.tif,Lactobacillus gasseri,lactobacillus_gasseri,train,3
data/raw/images/lactobacillus_gasseri/Lactobacillus.gasseri_0003.tif,Lactobacillus gasseri,lactobacillus_gasseri,train,1
data/raw/images/lactobacillus_gasseri/Lactobacillus.gasseri_0004.tif,Lactobacillus gasseri,lactobacillus_gasseri,train,1
data/raw/images/lactobacillus_gasseri/Lactobacillus.gasseri_0005.tif,Lactobacillus gasseri,lactobacillus_gasseri,val,-1
data/raw/images/lactobacillus_gasseri/Lactobacillus.gasseri_0006.tif,Lactobacillus gasseri,lactobacillus_gasseri,train,2
data/raw/images/lactobacillus_gasseri/Lactobacillus.gasseri_0007.tif,Lactobacillus gasseri,lactobacillus_gasseri,test,-1
data/raw/images/lactobacillus_gasseri/Lactobacillus.gasseri_0008.tif,Lactobacillus gasseri,lactobacillus_gasseri,train,4
data/raw/images/lactobacillus_gasseri/Lactobacillus.gasseri_0009.tif,Lactobacillus gasseri,lactobacillus_gasseri,train,0
data/raw/images/lactobacillus_gasseri/Lactobacillus.gasseri_0010.tif,Lactobacillus gasseri,lactobacillus_gasseri,val,-1
data/raw/images/lactobacillus_gasseri/Lactobacillus.gasseri_0011.tif,Lactobacillus gasseri,lactobacillus_gasseri,train,3
data/raw/images/lactobacillus_gasseri/Lactobacillus.gasseri_0012.tif,Lactobacillus gasseri,lactobacillus_gasseri,train,1
data/raw/images/lactobacillus_gasseri/Lactobacillus.gasseri_0013.tif,Lactobacillus gasseri,lactobacillus_gasseri,train,0
data/raw/images/lactobacillus_gasseri/Lactobacillus.gasseri_0014.tif,Lactobacillus gasseri,lactobacillus_gasseri,val,-1
data/raw/images/lactobacillus_gasseri/Lactobacillus.gasseri_0015.tif,Lactobacillus gasseri,lactobacillus_gasseri,train,2
data/raw/images/lactobacillus_gasseri/Lactobacillus.gasseri_0016.tif,Lactobacillus gasseri,lactobacillus_gasseri,train,3
data/raw/images/lactobacillus_gasseri/Lactobacillus.gasseri_0017.tif,Lactobacillus gasseri,lactobacillus_gasseri,train,4
data/raw/images/lactobacillus_gasseri/Lactobacillus.gasseri_0018.tif,Lactobacillus gasseri,lactobacillus_gasseri,train,2
data/raw/images/lactobacillus_gasseri/Lactobacillus.gasseri_0019.tif,Lactobacillus gasseri,lactobacillus_gasseri,train,0
data/raw/images/lactobacillus_gasseri/Lactobacillus.gasseri_0020.tif,Lactobacillus gasseri,lactobacillus_gasseri,val,-1
data/raw/images/lactobacillus_johnsonii_a/Lactobacillus.jehnsenii_0001.tif,Lactobacillus johnsonii (A),lactobacillus_johnsonii_a,test,-1
data/raw/images/lactobacillus_johnsonii_a/Lactobacillus.jehnsenii_0002.tif,Lactobacillus johnsonii (A),lactobacillus_johnsonii_a,train,2
data/raw/images/lactobacillus_johnsonii_a/Lactobacillus.jehnsenii_0003.tif,Lactobacillus johnsonii (A),lactobacillus_johnsonii_a,train,3
data/raw/images/lactobacillus_johnsonii_a/Lactobacillus.jehnsenii_0004.tif,Lactobacillus johnsonii (A),lactobacillus_johnsonii_a,test,-1
data/raw/images/lactobacillus_johnsonii_a/Lactobacillus.jehnsenii_0005.tif,Lactobacillus johnsonii (A),lactobacillus_johnsonii_a,train,0
data/raw/images/lactobacillus_johnsonii_a/Lactobacillus.jehnsenii_0006.tif,Lactobacillus johnsonii (A),lactobacillus_johnsonii_a,train,4
data/raw/images/lactobacillus_johnsonii_a/Lactobacillus.jehnsenii_0007.tif,Lactobacillus johnsonii (A),lactobacillus_johnsonii_a,val,-1
data/raw/images/lactobacillus_johnsonii_a/Lactobacillus.jehnsenii_0008.tif,Lactobacillus johnsonii (A),lactobacillus_johnsonii_a,train,3
data/raw/images/lactobacillus_johnsonii_a/Lactobacillus.jehnsenii_0009.tif,Lactobacillus johnsonii (A),lactobacillus_johnsonii_a,train,0
data/raw/images/lactobacillus_johnsonii_a/Lactobacillus.jehnsenii_0010.tif,Lactobacillus johnsonii (A),lactobacillus_johnsonii_a,val,-1
data/raw/images/lactobacillus_johnsonii_a/Lactobacillus.jehnsenii_0011.tif,Lactobacillus johnsonii (A),lactobacillus_johnsonii_a,val,-1
data/raw/images/lactobacillus_johnsonii_a/Lactobacillus.jehnsenii_0012.tif,Lactobacillus johnsonii (A),lactobacillus_johnsonii_a,train,3
data/raw/images/lactobacillus_johnsonii_a/Lactobacillus.jehnsenii_0013.tif,Lactobacillus johnsonii (A),lactobacillus_johnsonii_a,train,1
data/raw/images/lactobacillus_johnsonii_a/Lactobacillus.jehnsenii_0014.tif,Lactobacillus johnsonii (A),lactobacillus_johnsonii_a,val,-1
data/raw/images/lactobacillus_johnsonii_a/Lactobacillus.jehnsenii_0015.tif,Lactobacillus johnsonii (A),lactobacillus_johnsonii_a,train,0
data/raw/images/lactobacillus_johnsonii_a/Lactobacillus.jehnsenii_0016.tif,Lactobacillus johnsonii (A),lactobacillus_johnsonii_a,train,1
data/raw/images/lactobacillus_johnsonii_a/Lactobacillus.jehnsenii_0017.tif,Lactobacillus johnsonii (A),lactobacillus_johnsonii_a,train,1
data/raw/images/lactobacillus_johnsonii_a/Lactobacillus.jehnsenii_0018.tif,Lactobacillus johnsonii (A),lactobacillus_johnsonii_a,train,2
data/raw/images/lactobacillus_johnsonii_a/Lactobacillus.jehnsenii_0019.tif,Lactobacillus johnsonii (A),lactobacillus_johnsonii_a,train,2
data/raw/images/lactobacillus_johnsonii_a/Lactobacillus.jehnsenii_0020.tif,Lactobacillus johnsonii (A),lactobacillus_johnsonii_a,train,4
data/raw/images/lactobacillus_johnsonii_b/Lactobacillus.johnsonii_0001.tif,Lactobacillus johnsonii (B),lactobacillus_johnsonii_b,val,-1
data/raw/images/lactobacillus_johnsonii_b/Lactobacillus.johnsonii_0002.tif,Lactobacillus johnsonii (B),lactobacillus_johnsonii_b,train,2
data/raw/images/lactobacillus_johnsonii_b/Lactobacillus.johnsonii_0003.tif,Lactobacillus johnsonii (B),lactobacillus_johnsonii_b,train,0
data/raw/images/lactobacillus_johnsonii_b/Lactobacillus.johnsonii_0004.tif,Lactobacillus johnsonii (B),lactobacillus_johnsonii_b,train,2
data/raw/images/lactobacillus_johnsonii_b/Lactobacillus.johnsonii_0005.tif,Lactobacillus johnsonii (B),lactobacillus_johnsonii_b,train,0
data/raw/images/lactobacillus_johnsonii_b/Lactobacillus.johnsonii_0006.tif,Lactobacillus johnsonii (B),lactobacillus_johnsonii_b,val,-1
data/raw/images/lactobacillus_johnsonii_b/Lactobacillus.johnsonii_0007.tif,Lactobacillus johnsonii (B),lactobacillus_johnsonii_b,train,3
data/raw/images/lactobacillus_johnsonii_b/Lactobacillus.johnsonii_0008.tif,Lactobacillus johnsonii (B),lactobacillus_johnsonii_b,val,-1
data/raw/images/lactobacillus_johnsonii_b/Lactobacillus.johnsonii_0009.tif,Lactobacillus johnsonii (B),lactobacillus_johnsonii_b,train,2
data/raw/images/lactobacillus_johnsonii_b/Lactobacillus.johnsonii_0010.tif,Lactobacillus johnsonii (B),lactobacillus_johnsonii_b,train,4
data/raw/images/lactobacillus_johnsonii_b/Lactobacillus.johnsonii_0011.tif,Lactobacillus johnsonii (B),lactobacillus_johnsonii_b,train,3
data/raw/images/lactobacillus_johnsonii_b/Lactobacillus.johnsonii_0012.tif,Lactobacillus johnsonii (B),lactobacillus_johnsonii_b,train,1
data/raw/images/lactobacillus_johnsonii_b/Lactobacillus.johnsonii_0013.tif,Lactobacillus johnsonii (B),lactobacillus_johnsonii_b,train,4
data/raw/images/lactobacillus_johnsonii_b/Lactobacillus.johnsonii_0014.tif,Lactobacillus johnsonii (B),lactobacillus_johnsonii_b,train,1
data/raw/images/lactobacillus_johnsonii_b/Lactobacillus.johnsonii_0015.tif,Lactobacillus johnsonii (B),lactobacillus_johnsonii_b,train,3
data/raw/images/lactobacillus_johnsonii_b/Lactobacillus.johnsonii_0016.tif,Lactobacillus johnsonii (B),lactobacillus_johnsonii_b,train,0
data/raw/images/lactobacillus_johnsonii_b/Lactobacillus.johnsonii_0017.tif,Lactobacillus johnsonii (B),lactobacillus_johnsonii_b,train,1
data/raw/images/lactobacillus_johnsonii_b/Lactobacillus.johnsonii_0018.tif,Lactobacillus johnsonii (B),lactobacillus_johnsonii_b,test,-1
data/raw/images/lactobacillus_johnsonii_b/Lactobacillus.johnsonii_0019.tif,Lactobacillus johnsonii (B),lactobacillus_johnsonii_b,test,-1
data/raw/images/lactobacillus_johnsonii_b/Lactobacillus.johnsonii_0020.tif,Lactobacillus johnsonii (B),lactobacillus_johnsonii_b,val,-1
data/raw/images/lactobacillus_paracasei/Lactobacillus.paracasei_0001.tif,Lactobacillus paracasei,lactobacillus_paracasei,test,-1
data/raw/images/lactobacillus_paracasei/Lactobacillus.paracasei_0002.tif,Lactobacillus paracasei,lactobacillus_paracasei,train,2
data/raw/images/lactobacillus_paracasei/Lactobacillus.paracasei_0003.tif,Lactobacillus paracasei,lactobacillus_paracasei,train,0
data/raw/images/lactobacillus_paracasei/Lactobacillus.paracasei_0004.tif,Lactobacillus paracasei,lactobacillus_paracasei,val,-1
data/raw/images/lactobacillus_paracasei/Lactobacillus.paracasei_0005.tif,Lactobacillus paracasei,lactobacillus_paracasei,train,4
data/raw/images/lactobacillus_paracasei/Lactobacillus.paracasei_0006.tif,Lactobacillus paracasei,lactobacillus_paracasei,train,0
data/raw/images/lactobacillus_paracasei/Lactobacillus.paracasei_0007.tif,Lactobacillus paracasei,lactobacillus_paracasei,train,2
data/raw/images/lactobacillus_paracasei/Lactobacillus.paracasei_0008.tif,Lactobacillus paracasei,lactobacillus_paracasei,train,3
data/raw/images/lactobacillus_paracasei/Lactobacillus.paracasei_0009.tif,Lactobacillus paracasei,lactobacillus_paracasei,train,3
data/raw/images/lactobacillus_paracasei/Lactobacillus.paracasei_0010.tif,Lactobacillus paracasei,lactobacillus_paracasei,train,1
data/raw/images/lactobacillus_paracasei/Lactobacillus.paracasei_0011.tif,Lactobacillus paracasei,lactobacillus_paracasei,val,-1
data/raw/images/lactobacillus_paracasei/Lactobacillus.paracasei_0012.tif,Lactobacillus paracasei,lactobacillus_paracasei,test,-1
data/raw/images/lactobacillus_paracasei/Lactobacillus.paracasei_0013.tif,Lactobacillus paracasei,lactobacillus_paracasei,val,-1
data/raw/images/lactobacillus_paracasei/Lactobacillus.paracasei_0014.tif,Lactobacillus paracasei,lactobacillus_paracasei,train,4
data/raw/images/lactobacillus_paracasei/Lactobacillus.paracasei_0015.tif,Lactobacillus paracasei,lactobacillus_paracasei,train,0
data/raw/images/lactobacillus_paracasei/Lactobacillus.paracasei_0016.tif,Lactobacillus paracasei,lactobacillus_paracasei,train,3
data/raw/images/lactobacillus_paracasei/Lactobacillus.paracasei_0017.tif,Lactobacillus paracasei,lactobacillus_paracasei,train,1
data/raw/images/lactobacillus_paracasei/Lactobacillus.paracasei_0018.tif,Lactobacillus paracasei,lactobacillus_paracasei,train,1
data/raw/images/lactobacillus_paracasei/Lactobacillus.paracasei_0019.tif,Lactobacillus paracasei,lactobacillus_paracasei,train,2
data/raw/images/lactobacillus_paracasei/Lactobacillus.paracasei_0020.tif,Lactobacillus paracasei,lactobacillus_paracasei,val,-1
data/raw/images/lactobacillus_plantarum/Lactobacillus.plantarum_0001.tif,Lactobacillus plantarum,lactobacillus_plantarum,train,1
data/raw/images/lactobacillus_plantarum/Lactobacillus.plantarum_0002.tif,Lactobacillus plantarum,lactobacillus_plantarum,train,2
data/raw/images/lactobacillus_plantarum/Lactobacillus.plantarum_0003.tif,Lactobacillus plantarum,lactobacillus_plantarum,val,-1
data/raw/images/lactobacillus_plantarum/Lactobacillus.plantarum_0004.tif,Lactobacillus plantarum,lactobacillus_plantarum,test,-1
data/raw/images/lactobacillus_plantarum/Lactobacillus.plantarum_0005.tif,Lactobacillus plantarum,lactobacillus_plantarum,train,3
data/raw/images/lactobacillus_plantarum/Lactobacillus.plantarum_0006.tif,Lactobacillus plantarum,lactobacillus_plantarum,train,3
data/raw/images/lactobacillus_plantarum/Lactobacillus.plantarum_0007.tif,Lactobacillus plantarum,lactobacillus_plantarum,train,1
data/raw/images/lactobacillus_plantarum/Lactobacillus.plantarum_0008.tif,Lactobacillus plantarum,lactobacillus_plantarum,train,2
data/raw/images/lactobacillus_plantarum/Lactobacillus.plantarum_0009.tif,Lactobacillus plantarum,lactobacillus_plantarum,val,-1
data/raw/images/lactobacillus_plantarum/Lactobacillus.plantarum_0010.tif,Lactobacillus plantarum,lactobacillus_plantarum,train,0
data/raw/images/lactobacillus_plantarum/Lactobacillus.plantarum_0011.tif,Lactobacillus plantarum,lactobacillus_plantarum,val,-1
data/raw/images/lactobacillus_plantarum/Lactobacillus.plantarum_0012.tif,Lactobacillus plantarum,lactobacillus_plantarum,train,0
data/raw/images/lactobacillus_plantarum/Lactobacillus.plantarum_0013.tif,Lactobacillus plantarum,lactobacillus_plantarum,train,4
data/raw/images/lactobacillus_plantarum/Lactobacillus.plantarum_0014.tif,Lactobacillus plantarum,lactobacillus_plantarum,val,-1
data/raw/images/lactobacillus_plantarum/Lactobacillus.plantarum_0015.tif,Lactobacillus plantarum,lactobacillus_plantarum,train,2
data/raw/images/lactobacillus_plantarum/Lactobacillus.plantarum_0016.tif,Lactobacillus plantarum,lactobacillus_plantarum,train,4
data/raw/images/lactobacillus_plantarum/Lactobacillus.plantarum_0017.tif,Lactobacillus plantarum,lactobacillus_plantarum,train,0
data/raw/images/lactobacillus_plantarum/Lactobacillus.plantarum_0018.tif,Lactobacillus plantarum,lactobacillus_plantarum,train,1
data/raw/images/lactobacillus_plantarum/Lactobacillus.plantarum_0019.tif,Lactobacillus plantarum,lactobacillus_plantarum,train,3
data/raw/images/lactobacillus_plantarum/Lactobacillus.plantarum_0020.tif,Lactobacillus plantarum,lactobacillus_plantarum,test,-1
data/raw/images/lactobacillus_reuteri/Lactobacillus.reuteri_0001.tif,Lactobacillus reuteri,lactobacillus_reuteri,test,-1
data/raw/images/lactobacillus_reuteri/Lactobacillus.reuteri_0002.tif,Lactobacillus reuteri,lactobacillus_reuteri,train,1
data/raw/images/lactobacillus_reuteri/Lactobacillus.reuteri_0003.tif,Lactobacillus reuteri,lactobacillus_reuteri,val,-1
data/raw/images/lactobacillus_reuteri/Lactobacillus.reuteri_0004.tif,Lactobacillus reuteri,lactobacillus_reuteri,train,3
data/raw/images/lactobacillus_reuteri/Lactobacillus.reuteri_0005.tif,Lactobacillus reuteri,lactobacillus_reuteri,test,-1
data/raw/images/lactobacillus_reuteri/Lactobacillus.reuteri_0006.tif,Lactobacillus reuteri,lactobacillus_reuteri,val,-1
data/raw/images/lactobacillus_reuteri/Lactobacillus.reuteri_0007.tif,Lactobacillus reuteri,lactobacillus_reuteri,train,0
data/raw/images/lactobacillus_reuteri/Lactobacillus.reuteri_0008.tif,Lactobacillus reuteri,lactobacillus_reuteri,val,-1
data/raw/images/lactobacillus_reuteri/Lactobacillus.reuteri_0009.tif,Lactobacillus reuteri,lactobacillus_reuteri,train,2
data/raw/images/lactobacillus_reuteri/Lactobacillus.reuteri_0010.tif,Lactobacillus reuteri,lactobacillus_reuteri,train,3
data/raw/images/lactobacillus_reuteri/Lactobacillus.reuteri_0011.tif,Lactobacillus reuteri,lactobacillus_reuteri,train,1
data/raw/images/lactobacillus_reuteri/Lactobacillus.reuteri_0012.tif,Lactobacillus reuteri,lactobacillus_reuteri,train,0
data/raw/images/lactobacillus_reuteri/Lactobacillus.reuteri_0013.tif,Lactobacillus reuteri,lactobacillus_reuteri,train,2
data/raw/images/lactobacillus_reuteri/Lactobacillus.reuteri_0014.tif,Lactobacillus reuteri,lactobacillus_reuteri,train,4
data/raw/images/lactobacillus_reuteri/Lactobacillus.reuteri_0015.tif,Lactobacillus reuteri,lactobacillus_reuteri,train,2
data/raw/images/lactobacillus_reuteri/Lactobacillus.reuteri_0016.tif,Lactobacillus reuteri,lactobacillus_reuteri,train,0
data/raw/images/lactobacillus_reuteri/Lactobacillus.reuteri_0017.tif,Lactobacillus reuteri,lactobacillus_reuteri,val,-1
data/raw/images/lactobacillus_reuteri/Lactobacillus.reuteri_0018.tif,Lactobacillus reuteri,lactobacillus_reuteri,train,3
data/raw/images/lactobacillus_reuteri/Lactobacillus.reuteri_0019.tif,Lactobacillus reuteri,lactobacillus_reuteri,train,4
data/raw/images/lactobacillus_reuteri/Lactobacillus.reuteri_0020.tif,Lactobacillus reuteri,lactobacillus_reuteri,train,1
data/raw/images/lactobacillus_rhamnosus/Lactobacillus.rhamnosus_0001.tif,Lactobacillus rhamnosus,lactobacillus_rhamnosus,val,-1
data/raw/images/lactobacillus_rhamnosus/Lactobacillus.rhamnosus_0002.tif,Lactobacillus rhamnosus,lactobacillus_rhamnosus,train,2
data/raw/images/lactobacillus_rhamnosus/Lactobacillus.rhamnosus_0003.tif,Lactobacillus rhamnosus,lactobacillus_rhamnosus,train,4
data/raw/images/lactobacillus_rhamnosus/Lactobacillus.rhamnosus_0004.tif,Lactobacillus rhamnosus,lactobacillus_rhamnosus,train,0
data/raw/images/lactobacillus_rhamnosus/Lactobacillus.rhamnosus_0005.tif,Lactobacillus rhamnosus,lactobacillus_rhamnosus,train,2
data/raw/images/lactobacillus_rhamnosus/Lactobacillus.rhamnosus_0006.tif,Lactobacillus rhamnosus,lactobacillus_rhamnosus,test,-1
data/raw/images/lactobacillus_rhamnosus/Lactobacillus.rhamnosus_0007.tif,Lactobacillus rhamnosus,lactobacillus_rhamnosus,train,1
data/raw/images/lactobacillus_rhamnosus/Lactobacillus.rhamnosus_0008.tif,Lactobacillus rhamnosus,lactobacillus_rhamnosus,test,-1
data/raw/images/lactobacillus_rhamnosus/Lactobacillus.rhamnosus_0009.tif,Lactobacillus rhamnosus,lactobacillus_rhamnosus,val,-1
data/raw/images/lactobacillus_rhamnosus/Lactobacillus.rhamnosus_0010.tif,Lactobacillus rhamnosus,lactobacillus_rhamnosus,train,2
data/raw/images/lactobacillus_rhamnosus/Lactobacillus.rhamnosus_0011.tif,Lactobacillus rhamnosus,lactobacillus_rhamnosus,train,1
data/raw/images/lactobacillus_rhamnosus/Lactobacillus.rhamnosus_0012.tif,Lactobacillus rhamnosus,lactobacillus_rhamnosus,train,0
data/raw/images/lactobacillus_rhamnosus/Lactobacillus.rhamnosus_0013.tif,Lactobacillus rhamnosus,lactobacillus_rhamnosus,train,0
data/raw/images/lactobacillus_rhamnosus/Lactobacillus.rhamnosus_0014.tif,Lactobacillus rhamnosus,lactobacillus_rhamnosus,train,3
data/raw/images/lactobacillus_rhamnosus/Lactobacillus.rhamnosus_0015.tif,Lactobacillus rhamnosus,lactobacillus_rhamnosus,train,1
data/raw/images/lactobacillus_rhamnosus/Lactobacillus.rhamnosus_0016.tif,Lactobacillus rhamnosus,lactobacillus_rhamnosus,train,3
data/raw/images/lactobacillus_rhamnosus/Lactobacillus.rhamnosus_0017.tif,Lactobacillus rhamnosus,lactobacillus_rhamnosus,val,-1
data/raw/images/lactobacillus_rhamnosus/Lactobacillus.rhamnosus_0018.tif,Lactobacillus rhamnosus,lactobacillus_rhamnosus,train,3
data/raw/images/lactobacillus_rhamnosus/Lactobacillus.rhamnosus_0019.tif,Lactobacillus rhamnosus,lactobacillus_rhamnosus,val,-1
data/raw/images/lactobacillus_rhamnosus/Lactobacillus.rhamnosus_0020.tif,Lactobacillus rhamnosus,lactobacillus_rhamnosus,train,4
data/raw/images/lactobacillus_salivarius/Lactobacillus.salivarius_0001.tif,Lactobacillus salivarius,lactobacillus_salivarius,train,1
data/raw/images/lactobacillus_salivarius/Lactobacillus.salivarius_0002.tif,Lactobacillus salivarius,lactobacillus_salivarius,train,2
data/raw/images/lactobacillus_salivarius/Lactobacillus.salivarius_0003.tif,Lactobacillus salivarius,lactobacillus_salivarius,val,-1
data/raw/images/lactobacillus_salivarius/Lactobacillus.salivarius_0004.tif,Lactobacillus salivarius,lactobacillus_salivarius,val,-1
data/raw/images/lactobacillus_salivarius/Lactobacillus.salivarius_0005.tif,Lactobacillus salivarius,lactobacillus_salivarius,train,4
data/raw/images/lactobacillus_salivarius/Lactobacillus.salivarius_0006.tif,Lactobacillus salivarius,lactobacillus_salivarius,train,4
data/raw/images/lactobacillus_salivarius/Lactobacillus.salivarius_0007.tif,Lactobacillus salivarius,lactobacillus_salivarius,test,-1
data/raw/images/lactobacillus_salivarius/Lactobacillus.salivarius_0008.tif,Lactobacillus salivarius,lactobacillus_salivarius,train,3
data/raw/images/lactobacillus_salivarius/Lactobacillus.salivarius_0009.tif,Lactobacillus salivarius,lactobacillus_salivarius,train,1
data/raw/images/lactobacillus_salivarius/Lactobacillus.salivarius_0010.tif,Lactobacillus salivarius,lactobacillus_salivarius,train,3
data/raw/images/lactobacillus_salivarius/Lactobacillus.salivarius_0011.tif,Lactobacillus salivarius,lactobacillus_salivarius,train,3
data/raw/images/lactobacillus_salivarius/Lactobacillus.salivarius_0012.tif,Lactobacillus salivarius,lactobacillus_salivarius,train,2
data/raw/images/lactobacillus_salivarius/Lactobacillus.salivarius_0013.tif,Lactobacillus salivarius,lactobacillus_salivarius,train,0
data/raw/images/lactobacillus_salivarius/Lactobacillus.salivarius_0014.tif,Lactobacillus salivarius,lactobacillus_salivarius,train,0
data/raw/images/lactobacillus_salivarius/Lactobacillus.salivarius_0015.tif,Lactobacillus salivarius,lactobacillus_salivarius,train,0
data/raw/images/lactobacillus_salivarius/Lactobacillus.salivarius_0016.tif,Lactobacillus salivarius,lactobacillus_salivarius,train,2
data/raw/images/lactobacillus_salivarius/Lactobacillus.salivarius_0017.tif,Lactobacillus salivarius,lactobacillus_salivarius,val,-1
data/raw/images/lactobacillus_salivarius/Lactobacillus.salivarius_0018.tif,Lactobacillus salivarius,lactobacillus_salivarius,test,-1
data/raw/images/lactobacillus_salivarius/Lactobacillus.salivarius_0019.tif,Lactobacillus salivarius,lactobacillus_salivarius,val,-1
data/raw/images/lactobacillus_salivarius/Lactobacillus.salivarius_0020.tif,Lactobacillus salivarius,lactobacillus_salivarius,train,1
data/raw/images/listeria_monocytogenes/Listeria.monocytogenes_0001.tif,Listeria monocytogenes,listeria_monocytogenes,val,-1
data/raw/images/listeria_monocytogenes/Listeria.monocytogenes_0002.tif,Listeria monocytogenes,listeria_monocytogenes,val,-1
data/raw/images/listeria_monocytogenes/Listeria.monocytogenes_0003.tif,Listeria monocytogenes,listeria_monocytogenes,train,0
data/raw/images/listeria_monocytogenes/Listeria.monocytogenes_0004.tif,Listeria monocytogenes,listeria_monocytogenes,train,0
data/raw/images/listeria_monocytogenes/Listeria.monocytogenes_0005.tif,Listeria monocytogenes,listeria_monocytogenes,train,4
data/raw/images/listeria_monocytogenes/Listeria.monocytogenes_0006.tif,Listeria monocytogenes,listeria_monocytogenes,train,4
data/raw/images/listeria_monocytogenes/Listeria.monocytogenes_0007.tif,Listeria monocytogenes,listeria_monocytogenes,train,4
data/raw/images/listeria_monocytogenes/Listeria.monocytogenes_0008.tif,Listeria monocytogenes,listeria_monocytogenes,train,0
data/raw/images/listeria_monocytogenes/Listeria.monocytogenes_0009.tif,Listeria monocytogenes,listeria_monocytogenes,test,-1
data/raw/images/listeria_monocytogenes/Listeria.monocytogenes_0010.tif,Listeria monocytogenes,listeria_monocytogenes,train,2
data/raw/images/listeria_monocytogenes/Listeria.monocytogenes_0011.tif,Listeria monocytogenes,listeria_monocytogenes,train,2
data/raw/images/listeria_monocytogenes/Listeria.monocytogenes_0012.tif,Listeria monocytogenes,listeria_monocytogenes,val,-1
data/raw/images/listeria_monocytogenes/Listeria.monocytogenes_0013.tif,Listeria monocytogenes,listeria_monocytogenes,val,-1
data/raw/images/listeria_monocytogenes/Listeria.monocytogenes_0014.tif,Listeria monocytogenes,listeria_monocytogenes,train,1
data/raw/images/listeria_monocytogenes/Listeria.monocytogenes_0015.tif,Listeria monocytogenes,listeria_monocytogenes,test,-1
data/raw/images/listeria_monocytogenes/Listeria.monocytogenes_0016.tif,Listeria monocytogenes,listeria_monocytogenes,train,3
data/raw/images/listeria_monocytogenes/Listeria.monocytogenes_0017.tif,Listeria monocytogenes,listeria_monocytogenes,train,3
data/raw/images/listeria_monocytogenes/Listeria.monocytogenes_0018.tif,Listeria monocytogenes,listeria_monocytogenes,train,3
data/raw/images/listeria_monocytogenes/Listeria.monocytogenes_0019.tif,Listeria monocytogenes,listeria_monocytogenes,train,1
data/raw/images/listeria_monocytogenes/Listeria.monocytogenes_0020.tif,Listeria monocytogenes,listeria_monocytogenes,test,-1
data/raw/images/listeria_monocytogenes/Listeria.monocytogenes_0021.tif,Listeria monocytogenes,listeria_monocytogenes,train,1
data/raw/images/listeria_monocytogenes/Listeria.monocytogenes_0022.tif,Listeria monocytogenes,listeria_monocytogenes,train,2
data/raw/images/micrococcus_spp/Micrococcus.spp_0001.tif,Micrococcus spp.,micrococcus_spp,train,4
data/raw/images/micrococcus_spp/Micrococcus.spp_0002.tif,Micrococcus spp.,micrococcus_spp,train,1
data/raw/images/micrococcus_spp/Micrococcus.spp_0003.tif,Micrococcus spp.,micrococcus_spp,train,1
data/raw/images/micrococcus_spp/Micrococcus.spp_0004.tif,Micrococcus spp.,micrococcus_spp,test,-1
data/raw/images/micrococcus_spp/Micrococcus.spp_0005.tif,Micrococcus spp.,micrococcus_spp,train,0
data/raw/images/micrococcus_spp/Micrococcus.spp_0006.tif,Micrococcus spp.,micrococcus_spp,train,1
data/raw/images/micrococcus_spp/Micrococcus.spp_0007.tif,Micrococcus spp.,micrococcus_spp,val,-1
data/raw/images/micrococcus_spp/Micrococcus.spp_0008.tif,Micrococcus spp.,micrococcus_spp,test,-1
data/raw/images/micrococcus_spp/Micrococcus.spp_0009.tif,Micrococcus spp.,micrococcus_spp,train,3
data/raw/images/micrococcus_spp/Micrococcus.spp_0010.tif,Micrococcus spp.,micrococcus_spp,val,-1
data/raw/images/micrococcus_spp/Micrococcus.spp_0011.tif,Micrococcus spp.,micrococcus_spp,train,2
data/raw/images/micrococcus_spp/Micrococcus.spp_0012.tif,Micrococcus spp.,micrococcus_spp,val,-1
data/raw/images/micrococcus_spp/Micrococcus.spp_0013.tif,Micrococcus spp.,micrococcus_spp,train,3
data/raw/images/micrococcus_spp/Micrococcus.spp_0014.tif,Micrococcus spp.,micrococcus_spp,train,4
data/raw/images/micrococcus_spp/Micrococcus.spp_0015.tif,Micrococcus spp.,micrococcus_spp,train,2
data/raw/images/micrococcus_spp/Micrococcus.spp_0016.tif,Micrococcus spp.,micrococcus_spp,train,0
data/raw/images/micrococcus_spp/Micrococcus.spp_0017.tif,Micrococcus spp.,micrococcus_spp,train,4
data/raw/images/micrococcus_spp/Micrococcus.spp_0018.tif,Micrococcus spp.,micrococcus_spp,train,0
data/raw/images/micrococcus_spp/Micrococcus.spp_0019.tif,Micrococcus spp.,micrococcus_spp,train,3
data/raw/images/micrococcus_spp/Micrococcus.spp_0020.tif,Micrococcus spp.,micrococcus_spp,train,2
data/raw/images/micrococcus_spp/Micrococcus.spp_0022.tif,Micrococcus spp.,micrococcus_spp,val,-1
data/raw/images/neisseria_gonorrhoeae/Neisseria.gonorrhoeae_0001.tif,Neisseria gonorrhoeae,neisseria_gonorrhoeae,train,1
data/raw/images/neisseria_gonorrhoeae/Neisseria.gonorrhoeae_0002.tif,Neisseria gonorrhoeae,neisseria_gonorrhoeae,train,2
data/raw/images/neisseria_gonorrhoeae/Neisseria.gonorrhoeae_0003.tif,Neisseria gonorrhoeae,neisseria_gonorrhoeae,test,-1
data/raw/images/neisseria_gonorrhoeae/Neisseria.gonorrhoeae_0004.tif,Neisseria gonorrhoeae,neisseria_gonorrhoeae,train,4
data/raw/images/neisseria_gonorrhoeae/Neisseria.gonorrhoeae_0005.tif,Neisseria gonorrhoeae,neisseria_gonorrhoeae,train,3
data/raw/images/neisseria_gonorrhoeae/Neisseria.gonorrhoeae_0006.tif,Neisseria gonorrhoeae,neisseria_gonorrhoeae,train,0
data/raw/images/neisseria_gonorrhoeae/Neisseria.gonorrhoeae_0007.tif,Neisseria gonorrhoeae,neisseria_gonorrhoeae,train,3
data/raw/images/neisseria_gonorrhoeae/Neisseria.gonorrhoeae_0008.tif,Neisseria gonorrhoeae,neisseria_gonorrhoeae,train,0
data/raw/images/neisseria_gonorrhoeae/Neisseria.gonorrhoeae_0009.tif,Neisseria gonorrhoeae,neisseria_gonorrhoeae,val,-1
data/raw/images/neisseria_gonorrhoeae/Neisseria.gonorrhoeae_0010.tif,Neisseria gonorrhoeae,neisseria_gonorrhoeae,train,1
data/raw/images/neisseria_gonorrhoeae/Neisseria.gonorrhoeae_0011.tif,Neisseria gonorrhoeae,neisseria_gonorrhoeae,train,0
data/raw/images/neisseria_gonorrhoeae/Neisseria.gonorrhoeae_0012.tif,Neisseria gonorrhoeae,neisseria_gonorrhoeae,val,-1
data/raw/images/neisseria_gonorrhoeae/Neisseria.gonorrhoeae_0013.tif,Neisseria gonorrhoeae,neisseria_gonorrhoeae,train,1
data/raw/images/neisseria_gonorrhoeae/Neisseria.gonorrhoeae_0014.tif,Neisseria gonorrhoeae,neisseria_gonorrhoeae,train,3
data/raw/images/neisseria_gonorrhoeae/Neisseria.gonorrhoeae_0015.tif,Neisseria gonorrhoeae,neisseria_gonorrhoeae,train,2
data/raw/images/neisseria_gonorrhoeae/Neisseria.gonorrhoeae_0016.tif,Neisseria gonorrhoeae,neisseria_gonorrhoeae,train,4
data/raw/images/neisseria_gonorrhoeae/Neisseria.gonorrhoeae_0017.tif,Neisseria gonorrhoeae,neisseria_gonorrhoeae,train,0
data/raw/images/neisseria_gonorrhoeae/Neisseria.gonorrhoeae_0018.tif,Neisseria gonorrhoeae,neisseria_gonorrhoeae,val,-1
data/raw/images/neisseria_gonorrhoeae/Neisseria.gonorrhoeae_0019.tif,Neisseria gonorrhoeae,neisseria_gonorrhoeae,val,-1
data/raw/images/neisseria_gonorrhoeae/Neisseria.gonorrhoeae_0020.tif,Neisseria gonorrhoeae,neisseria_gonorrhoeae,train,4
data/raw/images/neisseria_gonorrhoeae/Neisseria.gonorrhoeae_0021.tif,Neisseria gonorrhoeae,neisseria_gonorrhoeae,train,2
data/raw/images/neisseria_gonorrhoeae/Neisseria.gonorrhoeae_0022.tif,Neisseria gonorrhoeae,neisseria_gonorrhoeae,val,-1
data/raw/images/neisseria_gonorrhoeae/Neisseria.gonorrhoeae_0023.tif,Neisseria gonorrhoeae,neisseria_gonorrhoeae,test,-1
data/raw/images/porphyromonas_gingivalis/Porfyromonas.gingivalis_0001.tif,Porphyromonas gingivalis,porphyromonas_gingivalis,train,2
data/raw/images/porphyromonas_gingivalis/Porfyromonas.gingivalis_0002.tif,Porphyromonas gingivalis,porphyromonas_gingivalis,test,-1
data/raw/images/porphyromonas_gingivalis/Porfyromonas.gingivalis_0003.tif,Porphyromonas gingivalis,porphyromonas_gingivalis,train,4
data/raw/images/porphyromonas_gingivalis/Porfyromonas.gingivalis_0004.tif,Porphyromonas gingivalis,porphyromonas_gingivalis,val,-1
data/raw/images/porphyromonas_gingivalis/Porfyromonas.gingivalis_0005.tif,Porphyromonas gingivalis,porphyromonas_gingivalis,val,-1
data/raw/images/porphyromonas_gingivalis/Porfyromonas.gingivalis_0006.tif,Porphyromonas gingivalis,porphyromonas_gingivalis,train,0
data/raw/images/porphyromonas_gingivalis/Porfyromonas.gingivalis_0007.tif,Porphyromonas gingivalis,porphyromonas_gingivalis,train,1
data/raw/images/porphyromonas_gingivalis/Porfyromonas.gingivalis_0008.tif,Porphyromonas gingivalis,porphyromonas_gingivalis,train,1
data/raw/images/porphyromonas_gingivalis/Porfyromonas.gingivalis_0009.tif,Porphyromonas gingivalis,porphyromonas_gingivalis,train,2
data/raw/images/porphyromonas_gingivalis/Porfyromonas.gingivalis_0010.tif,Porphyromonas gingivalis,porphyromonas_gingivalis,train,3
data/raw/images/porphyromonas_gingivalis/Porfyromonas.gingivalis_0011.tif,Porphyromonas gingivalis,porphyromonas_gingivalis,train,0
data/raw/images/porphyromonas_gingivalis/Porfyromonas.gingivalis_0012.tif,Porphyromonas gingivalis,porphyromonas_gingivalis,train,0
data/raw/images/porphyromonas_gingivalis/Porfyromonas.gingivalis_0013.tif,Porphyromonas gingivalis,porphyromonas_gingivalis,train,1
data/raw/images/porphyromonas_gingivalis/Porfyromonas.gingivalis_0014.tif,Porphyromonas gingivalis,porphyromonas_gingivalis,val,-1
data/raw/images/porphyromonas_gingivalis/Porfyromonas.gingivalis_0015.tif,Porphyromonas gingivalis,porphyromonas_gingivalis,train,3
data/raw/images/porphyromonas_gingivalis/Porfyromonas.gingivalis_0016.tif,Porphyromonas gingivalis,porphyromonas_gingivalis,train,3
data/raw/images/porphyromonas_gingivalis/Porfyromonas.gingivalis_0017.tif,Porphyromonas gingivalis,porphyromonas_gingivalis,val,-1
data/raw/images/porphyromonas_gingivalis/Porfyromonas.gingivalis_0018.tif,Porphyromonas gingivalis,porphyromonas_gingivalis,train,4
data/raw/images/porphyromonas_gingivalis/Porfyromonas.gingivalis_0019.tif,Porphyromonas gingivalis,porphyromonas_gingivalis,train,4
data/raw/images/porphyromonas_gingivalis/Porfyromonas.gingivalis_0020.tif,Porphyromonas gingivalis,porphyromonas_gingivalis,val,-1
data/raw/images/porphyromonas_gingivalis/Porfyromonas.gingivalis_0021.tif,Porphyromonas gingivalis,porphyromonas_gingivalis,test,-1
data/raw/images/porphyromonas_gingivalis/Porfyromonas.gingivalis_0022.tif,Porphyromonas gingivalis,porphyromonas_gingivalis,train,2
data/raw/images/porphyromonas_gingivalis/Porfyromonas.gingivalis_0023.tif,Porphyromonas gingivalis,porphyromonas_gingivalis,train,0
data/raw/images/propionibacterium_acnes/Propionibacterium.acnes_0001.tif,Propionibacterium acnes,propionibacterium_acnes,train,0
data/raw/images/propionibacterium_acnes/Propionibacterium.acnes_0002.tif,Propionibacterium acnes,propionibacterium_acnes,train,1
data/raw/images/propionibacterium_acnes/Propionibacterium.acnes_0003.tif,Propionibacterium acnes,propionibacterium_acnes,train,2
data/raw/images/propionibacterium_acnes/Propionibacterium.acnes_0004.tif,Propionibacterium acnes,propionibacterium_acnes,train,3
data/raw/images/propionibacterium_acnes/Propionibacterium.acnes_0005.tif,Propionibacterium acnes,propionibacterium_acnes,train,1
data/raw/images/propionibacterium_acnes/Propionibacterium.acnes_0006.tif,Propionibacterium acnes,propionibacterium_acnes,train,0
data/raw/images/propionibacterium_acnes/Propionibacterium.acnes_0007.tif,Propionibacterium acnes,propionibacterium_acnes,test,-1
data/raw/images/propionibacterium_acnes/Propionibacterium.acnes_0008.tif,Propionibacterium acnes,propionibacterium_acnes,train,2
data/raw/images/propionibacterium_acnes/Propionibacterium.acnes_0009.tif,Propionibacterium acnes,propionibacterium_acnes,train,4
data/raw/images/propionibacterium_acnes/Propionibacterium.acnes_0010.tif,Propionibacterium acnes,propionibacterium_acnes,train,3
data/raw/images/propionibacterium_acnes/Propionibacterium.acnes_0011.tif,Propionibacterium acnes,propionibacterium_acnes,train,1
data/raw/images/propionibacterium_acnes/Propionibacterium.acnes_0012.tif,Propionibacterium acnes,propionibacterium_acnes,train,0
data/raw/images/propionibacterium_acnes/Propionibacterium.acnes_0013.tif,Propionibacterium acnes,propionibacterium_acnes,test,-1
data/raw/images/propionibacterium_acnes/Propionibacterium.acnes_0014.tif,Propionibacterium acnes,propionibacterium_acnes,val,-1
data/raw/images/propionibacterium_acnes/Propionibacterium.acnes_0015.tif,Propionibacterium acnes,propionibacterium_acnes,train,0
data/raw/images/propionibacterium_acnes/Propionibacterium.acnes_0016.tif,Propionibacterium acnes,propionibacterium_acnes,train,4
data/raw/images/propionibacterium_acnes/Propionibacterium.acnes_0017.tif,Propionibacterium acnes,propionibacterium_acnes,train,3
data/raw/images/propionibacterium_acnes/Propionibacterium.acnes_0018.tif,Propionibacterium acnes,propionibacterium_acnes,val,-1
data/raw/images/propionibacterium_acnes/Propionibacterium.acnes_0019.tif,Propionibacterium acnes,propionibacterium_acnes,train,4
data/raw/images/propionibacterium_acnes/Propionibacterium.acnes_0020.tif,Propionibacterium acnes,propionibacterium_acnes,val,-1
data/raw/images/propionibacterium_acnes/Propionibacterium.acnes_0021.tif,Propionibacterium acnes,propionibacterium_acnes,train,2
data/raw/images/propionibacterium_acnes/Propionibacterium.acnes_0022.tif,Propionibacterium acnes,propionibacterium_acnes,val,-1
data/raw/images/propionibacterium_acnes/Propionibacterium.acnes_0023.tif,Propionibacterium acnes,propionibacterium_acnes,val,-1
data/raw/images/proteus_spp/Proteus_0001.tif,Proteus spp.,proteus_spp,train,3
data/raw/images/proteus_spp/Proteus_0002.tif,Proteus spp.,proteus_spp,train,2
data/raw/images/proteus_spp/Proteus_0003.tif,Proteus spp.,proteus_spp,train,2
data/raw/images/proteus_spp/Proteus_0004.tif,Proteus spp.,proteus_spp,train,1
data/raw/images/proteus_spp/Proteus_0005.tif,Proteus spp.,proteus_spp,test,-1
data/raw/images/proteus_spp/Proteus_0006.tif,Proteus spp.,proteus_spp,train,2
data/raw/images/proteus_spp/Proteus_0007.tif,Proteus spp.,proteus_spp,train,0
data/raw/images/proteus_spp/Proteus_0008.tif,Proteus spp.,proteus_spp,train,4
data/raw/images/proteus_spp/Proteus_0009.tif,Proteus spp.,proteus_spp,train,4
data/raw/images/proteus_spp/Proteus_0010.tif,Proteus spp.,proteus_spp,train,1
data/raw/images/proteus_spp/Proteus_0011.tif,Proteus spp.,proteus_spp,val,-1
data/raw/images/proteus_spp/Proteus_0012.tif,Proteus spp.,proteus_spp,train,3
data/raw/images/proteus_spp/Proteus_0013.tif,Proteus spp.,proteus_spp,train,0
data/raw/images/proteus_spp/Proteus_0014.tif,Proteus spp.,proteus_spp,train,0
data/raw/images/proteus_spp/Proteus_0015.tif,Proteus spp.,proteus_spp,test,-1
data/raw/images/proteus_spp/Proteus_0016.tif,Proteus spp.,proteus_spp,train,1
data/raw/images/proteus_spp/Proteus_0017.tif,Proteus spp.,proteus_spp,val,-1
data/raw/images/proteus_spp/Proteus_0018.tif,Proteus spp.,proteus_spp,val,-1
data/raw/images/proteus_spp/Proteus_0019.tif,Proteus spp.,proteus_spp,train,3
data/raw/images/proteus_spp/Proteus_0020.tif,Proteus spp.,proteus_spp,val,-1
data/raw/images/pseudomonas_aeruginosa/Pseudomonas.aeruginosa_0001.tif,Pseudomonas aeruginosa,pseudomonas_aeruginosa,train,1
data/raw/images/pseudomonas_aeruginosa/Pseudomonas.aeruginosa_0002.tif,Pseudomonas aeruginosa,pseudomonas_aeruginosa,train,0
data/raw/images/pseudomonas_aeruginosa/Pseudomonas.aeruginosa_0003.tif,Pseudomonas aeruginosa,pseudomonas_aeruginosa,val,-1
data/raw/images/pseudomonas_aeruginosa/Pseudomonas.aeruginosa_0004.tif,Pseudomonas aeruginosa,pseudomonas_aeruginosa,val,-1
data/raw/images/pseudomonas_aeruginosa/Pseudomonas.aeruginosa_0005.tif,Pseudomonas aeruginosa,pseudomonas_aeruginosa,val,-1
data/raw/images/pseudomonas_aeruginosa/Pseudomonas.aeruginosa_0006.tif,Pseudomonas aeruginosa,pseudomonas_aeruginosa,test,-1
data/raw/images/pseudomonas_aeruginosa/Pseudomonas.aeruginosa_0007.tif,Pseudomonas aeruginosa,pseudomonas_aeruginosa,train,0
data/raw/images/pseudomonas_aeruginosa/Pseudomonas.aeruginosa_0008.tif,Pseudomonas aeruginosa,pseudomonas_aeruginosa,train,2
data/raw/images/pseudomonas_aeruginosa/Pseudomonas.aeruginosa_0009.tif,Pseudomonas aeruginosa,pseudomonas_aeruginosa,train,1
data/raw/images/pseudomonas_aeruginosa/Pseudomonas.aeruginosa_0010.tif,Pseudomonas aeruginosa,pseudomonas_aeruginosa,train,2
data/raw/images/pseudomonas_aeruginosa/Pseudomonas.aeruginosa_0011.tif,Pseudomonas aeruginosa,pseudomonas_aeruginosa,train,4
data/raw/images/pseudomonas_aeruginosa/Pseudomonas.aeruginosa_0012.tif,Pseudomonas aeruginosa,pseudomonas_aeruginosa,train,3
data/raw/images/pseudomonas_aeruginosa/Pseudomonas.aeruginosa_0013.tif,Pseudomonas aeruginosa,pseudomonas_aeruginosa,test,-1
data/raw/images/pseudomonas_aeruginosa/Pseudomonas.aeruginosa_0014.tif,Pseudomonas aeruginosa,pseudomonas_aeruginosa,val,-1
data/raw/images/pseudomonas_aeruginosa/Pseudomonas.aeruginosa_0015.tif,Pseudomonas aeruginosa,pseudomonas_aeruginosa,train,3
data/raw/images/pseudomonas_aeruginosa/Pseudomonas.aeruginosa_0016.tif,Pseudomonas aeruginosa,pseudomonas_aeruginosa,train,1
data/raw/images/pseudomonas_aeruginosa/Pseudomonas.aeruginosa_0017.tif,Pseudomonas aeruginosa,pseudomonas_aeruginosa,train,0
data/raw/images/pseudomonas_aeruginosa/Pseudomonas.aeruginosa_0018.tif,Pseudomonas aeruginosa,pseudomonas_aeruginosa,train,2
data/raw/images/pseudomonas_aeruginosa/Pseudomonas.aeruginosa_0019.tif,Pseudomonas aeruginosa,pseudomonas_aeruginosa,train,3
data/raw/images/pseudomonas_aeruginosa/Pseudomonas.aeruginosa_0020.tif,Pseudomonas aeruginosa,pseudomonas_aeruginosa,train,4
data/raw/images/staphylococcus_aureus/Staphylococcus.aureus_0001.tif,Staphylococcus aureus,staphylococcus_aureus,test,-1
data/raw/images/staphylococcus_aureus/Staphylococcus.aureus_0002.tif,Staphylococcus aureus,staphylococcus_aureus,train,2
data/raw/images/staphylococcus_aureus/Staphylococcus.aureus_0003.tif,Staphylococcus aureus,staphylococcus_aureus,train,3
data/raw/images/staphylococcus_aureus/Staphylococcus.aureus_0004.tif,Staphylococcus aureus,staphylococcus_aureus,train,1
data/raw/images/staphylococcus_aureus/Staphylococcus.aureus_0005.tif,Staphylococcus aureus,staphylococcus_aureus,train,1
data/raw/images/staphylococcus_aureus/Staphylococcus.aureus_0006.tif,Staphylococcus aureus,staphylococcus_aureus,train,4
data/raw/images/staphylococcus_aureus/Staphylococcus.aureus_0007.tif,Staphylococcus aureus,staphylococcus_aureus,train,2
data/raw/images/staphylococcus_aureus/Staphylococcus.aureus_0008.tif,Staphylococcus aureus,staphylococcus_aureus,train,0
data/raw/images/staphylococcus_aureus/Staphylococcus.aureus_0009.tif,Staphylococcus aureus,staphylococcus_aureus,train,3
data/raw/images/staphylococcus_aureus/Staphylococcus.aureus_0010.tif,Staphylococcus aureus,staphylococcus_aureus,val,-1
data/raw/images/staphylococcus_aureus/Staphylococcus.aureus_0011.tif,Staphylococcus aureus,staphylococcus_aureus,train,2
data/raw/images/staphylococcus_aureus/Staphylococcus.aureus_0012.tif,Staphylococcus aureus,staphylococcus_aureus,val,-1
data/raw/images/staphylococcus_aureus/Staphylococcus.aureus_0013.tif,Staphylococcus aureus,staphylococcus_aureus,train,0
data/raw/images/staphylococcus_aureus/Staphylococcus.aureus_0014.tif,Staphylococcus aureus,staphylococcus_aureus,train,0
data/raw/images/staphylococcus_aureus/Staphylococcus.aureus_0015.tif,Staphylococcus aureus,staphylococcus_aureus,val,-1
data/raw/images/staphylococcus_aureus/Staphylococcus.aureus_0016.tif,Staphylococcus aureus,staphylococcus_aureus,test,-1
data/raw/images/staphylococcus_aureus/Staphylococcus.aureus_0017.tif,Staphylococcus aureus,staphylococcus_aureus,train,4
data/raw/images/staphylococcus_aureus/Staphylococcus.aureus_0018.tif,Staphylococcus aureus,staphylococcus_aureus,train,1
data/raw/images/staphylococcus_aureus/Staphylococcus.aureus_0019.tif,Staphylococcus aureus,staphylococcus_aureus,val,-1
data/raw/images/staphylococcus_aureus/Staphylococcus.aureus_0020.tif,Staphylococcus aureus,staphylococcus_aureus,train,3
data/raw/images/staphylococcus_epidermidis/Staphylococcus.epidermidis_0001.tif,Staphylococcus epidermidis,staphylococcus_epidermidis,train,4
data/raw/images/staphylococcus_epidermidis/Staphylococcus.epidermidis_0002.tif,Staphylococcus epidermidis,staphylococcus_epidermidis,train,3
data/raw/images/staphylococcus_epidermidis/Staphylococcus.epidermidis_0003.tif,Staphylococcus epidermidis,staphylococcus_epidermidis,test,-1
data/raw/images/staphylococcus_epidermidis/Staphylococcus.epidermidis_0004.tif,Staphylococcus epidermidis,staphylococcus_epidermidis,val,-1
data/raw/images/staphylococcus_epidermidis/Staphylococcus.epidermidis_0005.tif,Staphylococcus epidermidis,staphylococcus_epidermidis,val,-1
data/raw/images/staphylococcus_epidermidis/Staphylococcus.epidermidis_0006.tif,Staphylococcus epidermidis,staphylococcus_epidermidis,train,2
data/raw/images/staphylococcus_epidermidis/Staphylococcus.epidermidis_0007.tif,Staphylococcus epidermidis,staphylococcus_epidermidis,train,1
data/raw/images/staphylococcus_epidermidis/Staphylococcus.epidermidis_0008.tif,Staphylococcus epidermidis,staphylococcus_epidermidis,train,4
data/raw/images/staphylococcus_epidermidis/Staphylococcus.epidermidis_0009.tif,Staphylococcus epidermidis,staphylococcus_epidermidis,train,1
data/raw/images/staphylococcus_epidermidis/Staphylococcus.epidermidis_0010.tif,Staphylococcus epidermidis,staphylococcus_epidermidis,train,2
data/raw/images/staphylococcus_epidermidis/Staphylococcus.epidermidis_0011.tif,Staphylococcus epidermidis,staphylococcus_epidermidis,train,3
data/raw/images/staphylococcus_epidermidis/Staphylococcus.epidermidis_0012.tif,Staphylococcus epidermidis,staphylococcus_epidermidis,val,-1
data/raw/images/staphylococcus_epidermidis/Staphylococcus.epidermidis_0013.tif,Staphylococcus epidermidis,staphylococcus_epidermidis,train,2
data/raw/images/staphylococcus_epidermidis/Staphylococcus.epidermidis_0014.tif,Staphylococcus epidermidis,staphylococcus_epidermidis,test,-1
data/raw/images/staphylococcus_epidermidis/Staphylococcus.epidermidis_0015.tif,Staphylococcus epidermidis,staphylococcus_epidermidis,train,0
data/raw/images/staphylococcus_epidermidis/Staphylococcus.epidermidis_0016.tif,Staphylococcus epidermidis,staphylococcus_epidermidis,train,0
data/raw/images/staphylococcus_epidermidis/Staphylococcus.epidermidis_0017.tif,Staphylococcus epidermidis,staphylococcus_epidermidis,val,-1
data/raw/images/staphylococcus_epidermidis/Staphylococcus.epidermidis_0018.tif,Staphylococcus epidermidis,staphylococcus_epidermidis,train,1
data/raw/images/staphylococcus_epidermidis/Staphylococcus.epidermidis_0019.tif,Staphylococcus epidermidis,staphylococcus_epidermidis,train,0
data/raw/images/staphylococcus_epidermidis/Staphylococcus.epidermidis_0020.tif,Staphylococcus epidermidis,staphylococcus_epidermidis,train,3
data/raw/images/staphylococcus_saprophyticus/Staphylococcus.saprophiticus_0001.tif,Staphylococcus saprophyticus,staphylococcus_saprophyticus,train,0
data/raw/images/staphylococcus_saprophyticus/Staphylococcus.saprophiticus_0002.tif,Staphylococcus saprophyticus,staphylococcus_saprophyticus,train,2
data/raw/images/staphylococcus_saprophyticus/Staphylococcus.saprophiticus_0003.tif,Staphylococcus saprophyticus,staphylococcus_saprophyticus,train,0
data/raw/images/staphylococcus_saprophyticus/Staphylococcus.saprophiticus_0004.tif,Staphylococcus saprophyticus,staphylococcus_saprophyticus,test,-1
data/raw/images/staphylococcus_saprophyticus/Staphylococcus.saprophiticus_0005.tif,Staphylococcus saprophyticus,staphylococcus_saprophyticus,train,0
data/raw/images/staphylococcus_saprophyticus/Staphylococcus.saprophiticus_0006.tif,Staphylococcus saprophyticus,staphylococcus_saprophyticus,test,-1
data/raw/images/staphylococcus_saprophyticus/Staphylococcus.saprophiticus_0007.tif,Staphylococcus saprophyticus,staphylococcus_saprophyticus,val,-1
data/raw/images/staphylococcus_saprophyticus/Staphylococcus.saprophiticus_0008.tif,Staphylococcus saprophyticus,staphylococcus_saprophyticus,val,-1
data/raw/images/staphylococcus_saprophyticus/Staphylococcus.saprophiticus_0009.tif,Staphylococcus saprophyticus,staphylococcus_saprophyticus,val,-1
data/raw/images/staphylococcus_saprophyticus/Staphylococcus.saprophiticus_0010.tif,Staphylococcus saprophyticus,staphylococcus_saprophyticus,train,1
data/raw/images/staphylococcus_saprophyticus/Staphylococcus.saprophiticus_0011.tif,Staphylococcus saprophyticus,staphylococcus_saprophyticus,train,4
data/raw/images/staphylococcus_saprophyticus/Staphylococcus.saprophiticus_0012.tif,Staphylococcus saprophyticus,staphylococcus_saprophyticus,val,-1
data/raw/images/staphylococcus_saprophyticus/Staphylococcus.saprophiticus_0013.tif,Staphylococcus saprophyticus,staphylococcus_saprophyticus,train,1
data/raw/images/staphylococcus_saprophyticus/Staphylococcus.saprophiticus_0014.tif,Staphylococcus saprophyticus,staphylococcus_saprophyticus,train,2
data/raw/images/staphylococcus_saprophyticus/Staphylococcus.saprophiticus_0015.tif,Staphylococcus saprophyticus,staphylococcus_saprophyticus,train,3
data/raw/images/staphylococcus_saprophyticus/Staphylococcus.saprophiticus_0016.tif,Staphylococcus saprophyticus,staphylococcus_saprophyticus,train,3
data/raw/images/staphylococcus_saprophyticus/Staphylococcus.saprophiticus_0017.tif,Staphylococcus saprophyticus,staphylococcus_saprophyticus,train,4
data/raw/images/staphylococcus_saprophyticus/Staphylococcus.saprophiticus_0018.tif,Staphylococcus saprophyticus,staphylococcus_saprophyticus,train,3
data/raw/images/staphylococcus_saprophyticus/Staphylococcus.saprophiticus_0019.tif,Staphylococcus saprophyticus,staphylococcus_saprophyticus,train,2
data/raw/images/staphylococcus_saprophyticus/Staphylococcus.saprophiticus_0020.tif,Staphylococcus saprophyticus,staphylococcus_saprophyticus,train,1
data/raw/images/streptococcus_agalactiae/Streptococcus.agalactiae_0001.tif,Streptococcus agalactiae,streptococcus_agalactiae,train,2
data/raw/images/streptococcus_agalactiae/Streptococcus.agalactiae_0002.tif,Streptococcus agalactiae,streptococcus_agalactiae,train,0
data/raw/images/streptococcus_agalactiae/Streptococcus.agalactiae_0003.tif,Streptococcus agalactiae,streptococcus_agalactiae,val,-1
data/raw/images/streptococcus_agalactiae/Streptococcus.agalactiae_0004.tif,Streptococcus agalactiae,streptococcus_agalactiae,train,1
data/raw/images/streptococcus_agalactiae/Streptococcus.agalactiae_0005.tif,Streptococcus agalactiae,streptococcus_agalactiae,train,2
data/raw/images/streptococcus_agalactiae/Streptococcus.agalactiae_0006.tif,Streptococcus agalactiae,streptococcus_agalactiae,train,2
data/raw/images/streptococcus_agalactiae/Streptococcus.agalactiae_0007.tif,Streptococcus agalactiae,streptococcus_agalactiae,train,0
data/raw/images/streptococcus_agalactiae/Streptococcus.agalactiae_0008.tif,Streptococcus agalactiae,streptococcus_agalactiae,train,4
data/raw/images/streptococcus_agalactiae/Streptococcus.agalactiae_0009.tif,Streptococcus agalactiae,streptococcus_agalactiae,train,3
data/raw/images/streptococcus_agalactiae/Streptococcus.agalactiae_0010.tif,Streptococcus agalactiae,streptococcus_agalactiae,train,0
data/raw/images/streptococcus_agalactiae/Streptococcus.agalactiae_0011.tif,Streptococcus agalactiae,streptococcus_agalactiae,val,-1
data/raw/images/streptococcus_agalactiae/Streptococcus.agalactiae_0012.tif,Streptococcus agalactiae,streptococcus_agalactiae,val,-1
data/raw/images/streptococcus_agalactiae/Streptococcus.agalactiae_0013.tif,Streptococcus agalactiae,streptococcus_agalactiae,train,4
data/raw/images/streptococcus_agalactiae/Streptococcus.agalactiae_0014.tif,Streptococcus agalactiae,streptococcus_agalactiae,test,-1
data/raw/images/streptococcus_agalactiae/Streptococcus.agalactiae_0015.tif,Streptococcus agalactiae,streptococcus_agalactiae,val,-1
data/raw/images/streptococcus_agalactiae/Streptococcus.agalactiae_0016.tif,Streptococcus agalactiae,streptococcus_agalactiae,train,3
data/raw/images/streptococcus_agalactiae/Streptococcus.agalactiae_0017.tif,Streptococcus agalactiae,streptococcus_agalactiae,train,3
data/raw/images/streptococcus_agalactiae/Streptococcus.agalactiae_0018.tif,Streptococcus agalactiae,streptococcus_agalactiae,test,-1
data/raw/images/streptococcus_agalactiae/Streptococcus.agalactiae_0019.tif,Streptococcus agalactiae,streptococcus_agalactiae,train,1
data/raw/images/streptococcus_agalactiae/Streptococcus.agalactiae_0020.tif,Streptococcus agalactiae,streptococcus_agalactiae,train,1
data/raw/images/veillonella_spp/Veionella_0001.tif,Veillonella spp.,veillonella_spp,val,-1
data/raw/images/veillonella_spp/Veionella_0002.tif,Veillonella spp.,veillonella_spp,train,0
data/raw/images/veillonella_spp/Veionella_0003.tif,Veillonella spp.,veillonella_spp,train,3
data/raw/images/veillonella_spp/Veionella_0004.tif,Veillonella spp.,veillonella_spp,train,4
data/raw/images/veillonella_spp/Veionella_0005.tif,Veillonella spp.,veillonella_spp,train,2
data/raw/images/veillonella_spp/Veionella_0006.tif,Veillonella spp.,veillonella_spp,test,-1
data/raw/images/veillonella_spp/Veionella_0007.tif,Veillonella spp.,veillonella_spp,val,-1
data/raw/images/veillonella_spp/Veionella_0008.tif,Veillonella spp.,veillonella_spp,train,2
data/raw/images/veillonella_spp/Veionella_0009.tif,Veillonella spp.,veillonella_spp,train,3
data/raw/images/veillonella_spp/Veionella_0010.tif,Veillonella spp.,veillonella_spp,train,1
data/raw/images/veillonella_spp/Veionella_0011.tif,Veillonella spp.,veillonella_spp,train,1
data/raw/images/veillonella_spp/Veionella_0012.tif,Veillonella spp.,veillonella_spp,test,-1
data/raw/images/veillonella_spp/Veionella_0013.tif,Veillonella spp.,veillonella_spp,train,4
data/raw/images/veillonella_spp/Veionella_0014.tif,Veillonella spp.,veillonella_spp,train,4
data/raw/images/veillonella_spp/Veionella_0015.tif,Veillonella spp.,veillonella_spp,train,1
data/raw/images/veillonella_spp/Veionella_0016.tif,Veillonella spp.,veillonella_spp,train,3
data/raw/images/veillonella_spp/Veionella_0017.tif,Veillonella spp.,veillonella_spp,test,-1
data/raw/images/veillonella_spp/Veionella_0018.tif,Veillonella spp.,veillonella_spp,train,0
data/raw/images/veillonella_spp/Veionella_0019.tif,Veillonella spp.,veillonella_spp,val,-1
data/raw/images/veillonella_spp/Veionella_0020.tif,Veillonella spp.,veillonella_spp,train,2
data/raw/images/veillonella_spp/Veionella_0021.tif,Veillonella spp.,veillonella_spp,train,0
data/raw/images/veillonella_spp/Veionella_0022.tif,Veillonella spp.,veillonella_spp,val,-1
