zip_name,species_id,canonical_name,bytes,sha256
Acinetobacter.baumanii,acinetobacter_baumannii,Acinetobacter baumannii,124685064,5ec6e7e0ad8a139feb5ccc818d0cf981357a2e9260d5bcc038a402bb84fd819d
Actinomyces.israeli,actinomyces_israelii,Actinomyces israelii,155559855,e672298c35f3d68aa6d1bbec7b52ad145fe24fc62e5c48586306e5e1c663a904
Bacteroides.fragilis,bacteroides_fragilis,Bacteroides fragilis,138553396,c21bdcad47898c3fa349eb8442d70b5791bc80a8abe343334d5e5a4e50ac63b1
Bifidobacterium.spp,bifidobacterium_spp,Bifidobacterium spp.,154508113,b1cd86dcf5120b38bec212fd0d41607724f73bda843a83918abccbf5e5bc7cfe
Candida.albicans,candida_albicans,Candida albicans,129261065,c06589897dc76539290a61c78408eb3a82b6d65496852ad14659f08dc7da5102
Clostridium.perfringens,clostridium_perfringens,Clostridium perfringens,157835280,bbf2173dc88a860ff73aeca19970703e39a3325ad94dc811cbd89e4436e01a1e
Enterococcus.faecium,enterococcus_faecium,Enterococcus faecium,113433587,eccf61a74db6862d93959aa95524964a8f2983708e76be674156a9a66307d837
Enterococcus.faecalis,enterococcus_faecalis,Enterococcus faecalis,113547436,41543766064a73bcf9261adc50710102a5ababe2f5a954fbb27fead8b393462b
Escherichia.coli,escherichia_coli,Escherichia coli,110205523,24a9dc5ac0c06db37bde6be9e4f1b616a5eadb410b9bb465dc58007fd5f9224b
Fusobacterium,fusobacterium_spp,Fusobacterium spp.,149053528,4403493eff99385ad6f3c6ea46b5b120341e14ddec38b275c40be025fc982b91
Lactobacillus.casei,lactobacillus_casei,Lactobacillus casei,147460343,8984be34b3f3825f13fd9789ea96093068665ce21b2a9e91822f6a109353f739
Lactobacillus.crispatus,lactobacillus_crispatus,Lactobacillus crispatus,124343668,aa614c5b6b931f62d89f5ae80291cca97d5dc5738414c5aac90ef132ef512526
Lactobacillus.delbrueckii,lactobacillus_delbrueckii,Lactobacillus delbrueckii,118663464,91182b7065ae683a04d382b27b8025a1716830d3471f9c4b532f1c2659891f3f
Lactobacillus.gasseri,lactobacillus_gasseri,Lactobacillus gasseri,114355706,22e4d3731017e03ce92c59ce3a3d0426701d42f59879ea6a44cfb0a2c6c21549
Lactobacillus.jehnsenii,lactobacillus_johnsonii_a,Lactobacillus johnsonii (A),117834331,c65378c24cee2b147439b0bff83191b53b0c9e9ef92fce9dce073b5f8d965cb8
Lactobacillus.johnsonii,lactobacillus_johnsonii_b,Lactobacillus johnsonii (B),143809800,495a5f2f1d3b62bea57a666a4141fdbee89156e0d93700c98d4516075cbebfed
Lactobacillus.paracasei,lactobacillus_paracasei,Lactobacillus paracasei,138027801,0bee8f763a5f1a2c8f635ca63cd3f0e44e1a5d35ce70a527cf0613041e4af9e7
Lactobacillus.plantarum,lactobacillus_plantarum,Lactobacillus plantarum,128095143,d2a0fb8f5e772ea61012f7e26577d37e9a0a8acd712f61c912c5292f68ed1908
Lactobacillus.reuteri,lactobacillus_reuteri,Lactobacillus reuteri,153858737,fbed603a2f2cad89778ea928b86b38bedce4320f9899aca5e9381d2e6265d313
Lactobacillus.rhamnosus,lactobacillus_rhamnosus,Lactobacillus rhamnosus,109513663,dabf9d655fee5e8185ef47d6c4b049ca45d9ca9c3984d31225dee1e38dd01e2a
Lactobacillus.salivarius,lactobacillus_salivarius,Lactobacillus salivarius,138876913,50a90058f47707261d4d48a06d2e7b0510e7a3bf465d2afdad3e9857057d89ef
Listeria.monocytogenes,listeria_monocytogenes,Listeria monocytogenes,166940087,d652b4815acbc0ebade52ae115b479ba427929b5a54d2ec48e7d15e6c34cd774
Micrococcus.spp,micrococcus_spp,Micrococcus spp.,133231634,7fa776c447dc06c8828f54b0d01744b314ed242dc9a8f4b7c8af1f3fdf3f2196
Neisseria.gonorrhoeae,neisseria_gonorrhoeae,Neisseria gonorrhoeae,147695637,c8f17f6fc0fd821528262f6fee028992b9c1f2806a064b325ad0ebec12ac479a
Porfyromonas.gingivalis,porphyromonas_gingivalis,Porphyromonas gingivalis,160395445,b2629ae8e1d734f96499f8a332d4145126399da58085743f773181935ba38126
Propionibacterium.acnes,propionibacterium_acnes,Propionibacterium acnes,165973803,90af4a0e8d033a0f034b6d391dc8413f66391ed9022bbda9f0b898fdd18d7f13
Proteus,proteus_spp,Proteus spp.,132926714,15d099cca69fe9b30b598eb90243864e9ba9df089d73061a7617299336b5292b
Pseudomonas.aeruginosa,pseudomonas_aeruginosa,Pseudomonas aeruginosa,129310462,5cee502859ca2b8940ddee18d5fb0c30979f7e1c483ac9354adce2714ab14ae2
Staphylococcus.aureus,staphylococcus_aureus,Staphylococcus aureus,124208169,731176d4ee0d5159cbb2e9e51d099d1191cfc1e7d31932d2a2edfd1bea3b5501
Staphylococcus.epidermidis,staphylococcus_epidermidis,Staphylococcus epidermidis,124112717,8426a999c33ea59b7c1ffc355c72f34390b5f67bd5a6f144e6884910c5aecdff
Staphylococcus.saprophiticus,staphylococcus_saprophyticus,Staphylococcus saprophyticus,123377786,4c59b0cc8849685bdfca38b5accc8055cb865a605b13a7a2b397a47bc37dfab8
Streptococcus.agalactiae,streptococcus_agalactiae,Streptococcus agalactiae,126896934,ac3bbeee6a4a2e66556a73c617f1e819595dfe564ca7c4c74b6426463a45a4b3
Veionella,veillonella_spp,Veillonella spp.,142905258,fff25c080d1dfdb97a762dfe30fb582f6aa21a28e52de6d77f06d8e4dad8055a
